{
  "by_solver": {
    "FEniCS": {
      "ic_scale": 0.24974720180034637,
      "vjp_arr": [
        48525.5,
        -670227.0625,
        -31997.5625,
        -206241.359375,
        -268974.0,
        277205.09375
      ],
      "eps_sweep": {
        "1.0": {
          "rel_error": [
            0.12978859497093545,
            0.022031937714325423,
            0.11187401701836258,
            0.04831269947967201,
            0.054819134470246195,
            0.0015398120728075547
          ],
          "cosine": 0.9996171431017973,
          "fd_arr": [
            55762.88671875,
            -685326.125,
            -36028.1796875,
            -216711.265625,
            -254229.078125,
            276778.25
          ]
        },
        "0.1": {
          "rel_error": [
            0.12976512502982504,
            0.020424984219752394,
            0.11183087589991983,
            0.0481713957463882,
            0.05509640336984244,
            0.0018679761363512102
          ],
          "cosine": 0.9996240801066446,
          "fd_arr": [
            55761.3828125,
            -684201.875,
            -36026.4296875,
            -216679.09375,
            -254154.5,
            276687.28125
          ]
        },
        "0.01": {
          "rel_error": [
            0.13007744586691955,
            0.020410577479688854,
            0.11207753263623797,
            0.04812746568752379,
            0.055180170759999106,
            0.0019853305816102088
          ],
          "cosine": 0.9996231951546884,
          "fd_arr": [
            55781.40234375,
            -684191.8125,
            -36036.4375,
            -216669.09375,
            -254131.96875,
            276654.75
          ]
        },
        "0.001": {
          "rel_error": [
            0.12259847851962055,
            0.020768741108747973,
            0.0931855987080453,
            0.04614433943884344,
            0.05564542251295664,
            0.0024368239084711983
          ],
          "cosine": 0.9996302944391195,
          "fd_arr": [
            55305.921875,
            -684442.0625,
            -35285.6796875,
            -216218.625,
            -254006.828125,
            276529.59375
          ]
        },
        "0.0001": {
          "rel_error": [
            0.19205944347866127,
            0.022555726894692544,
            0.08670833059707758,
            0.03043382705417443,
            0.06029735913136586,
            0.0020727893883983194
          ],
          "cosine": 0.9995586927976458,
          "fd_arr": [
            60060.73046875,
            -685693.375,
            -35035.42578125,
            -212715.09375,
            -252755.578125,
            277780.875
          ]
        }
      },
      "ram_peak_mib": 453.81632
    },
    "Firedrake": {
      "ic_scale": 0.24974720180034637,
      "vjp_arr": [
        48525.5,
        -670227.0625,
        -31997.5625,
        -206241.359375,
        -268974.0,
        277205.09375
      ],
      "eps_sweep": {
        "1.0": {
          "rel_error": [
            0.12978859497093545,
            0.022031937714325423,
            0.11187401701836258,
            0.04831269947967201,
            0.054819134470246195,
            0.0015398120728075547
          ],
          "cosine": 0.9996171431017973,
          "fd_arr": [
            55762.88671875,
            -685326.125,
            -36028.1796875,
            -216711.265625,
            -254229.078125,
            276778.25
          ]
        },
        "0.1": {
          "rel_error": [
            0.12976512502982504,
            0.020424984219752394,
            0.11183087589991983,
            0.0481713957463882,
            0.05509640336984244,
            0.0018679761363512102
          ],
          "cosine": 0.9996240801066446,
          "fd_arr": [
            55761.3828125,
            -684201.875,
            -36026.4296875,
            -216679.09375,
            -254154.5,
            276687.28125
          ]
        },
        "0.01": {
          "rel_error": [
            0.13007744586691955,
            0.020410577479688854,
            0.11207753263623797,
            0.04812746568752379,
            0.055180170759999106,
            0.0019853305816102088
          ],
          "cosine": 0.9996231951546884,
          "fd_arr": [
            55781.40234375,
            -684191.8125,
            -36036.4375,
            -216669.09375,
            -254131.96875,
            276654.75
          ]
        },
        "0.001": {
          "rel_error": [
            0.12259847851962055,
            0.020768741108747973,
            0.0931855987080453,
            0.04614433943884344,
            0.05564542251295664,
            0.0024368239084711983
          ],
          "cosine": 0.9996302944391195,
          "fd_arr": [
            55305.921875,
            -684442.0625,
            -35285.6796875,
            -216218.625,
            -254006.828125,
            276529.59375
          ]
        },
        "0.0001": {
          "rel_error": [
            0.19205944347866127,
            0.022555726894692544,
            0.08670833059707758,
            0.03043382705417443,
            0.06029735913136586,
            0.0020727893883983194
          ],
          "cosine": 0.9995586927976458,
          "fd_arr": [
            60060.73046875,
            -685693.375,
            -35035.42578125,
            -212715.09375,
            -252755.578125,
            277780.875
          ]
        }
      },
      "ram_peak_mib": 454.053888
    },
    "JAX-FEM": {
      "ic_scale": 0.24974720180034637,
      "vjp_arr": [
        -931.692626953125,
        2109.29833984375,
        467.4389343261719,
        947.7742309570312,
        -485.03070068359375,
        -332.8731384277344
      ],
      "eps_sweep": {
        "1.0": {
          "rel_error": [
            0.0006568952462231142,
            0.0319305340094379,
            0.00031680158580927307,
            0.00338244538953927,
            0.006362884209086416,
            0.006133902194697613
          ],
          "cosine": 0.9998992162720423,
          "fd_arr": [
            -932.3050537109375,
            2178.870849609375,
            467.5870666503906,
            950.9909057617188,
            -488.13665771484375,
            -334.92755126953125
          ]
        },
        "0.1": {
          "rel_error": [
            1.572236813453316e-06,
            0.0003324246904186596,
            3.1990414888260743e-06,
            3.664135429536486e-05,
            8.216527778406914e-05,
            8.09462738587538e-05
          ],
          "cosine": 0.9999999893518517,
          "fd_arr": [
            -931.694091796875,
            2109.999755859375,
            467.4404296875,
            947.8089599609375,
            -485.070556640625,
            -332.90008544921875
          ]
        },
        "0.01": {
          "rel_error": [
            1.1988180832864124e-05,
            2.8935399521477936e-05,
            4.909565092835502e-05,
            1.0883213332490152e-05,
            0.00016274459736061856,
            9.561237295609073e-05
          ],
          "cosine": 0.9999999995157463,
          "fd_arr": [
            -931.7037963867188,
            2109.359375,
            467.4159851074219,
            947.7845458984375,
            -485.1096496582031,
            -332.90496826171875
          ]
        },
        "0.001": {
          "rel_error": [
            9.295864774843543e-05,
            0.00012163314309878891,
            0.00036279858006498515,
            4.069979694536432e-05,
            0.0003410831330521196,
            5.124873173140861e-05
          ],
          "cosine": 0.9999999910500954,
          "fd_arr": [
            -931.6060180664062,
            2109.554931640625,
            467.26934814453125,
            947.7356567382812,
            -484.8652648925781,
            -332.8560791015625
          ]
        },