{
  "by_param": {
    "0.25": {
      "jax_fem": {
        "compliance": 0.0002484577998984605
      },
      "topopt_jl": {
        "compliance": 0.0002498319372534752
      },
      "dealii_structural": {
        "compliance": 0.0002484577998984605
      },
      "fenics_structural": {
        "compliance": 0.0002484577998984605
      },
      "firedrake_structural": {
        "compliance": 0.0002484577998984605
      }
    },
    "0.5": {
      "jax_fem": {
        "compliance": 0.000993831199593842
      },
      "topopt_jl": {
        "compliance": 0.0009993277490139008
      },
      "dealii_structural": {
        "compliance": 0.000993831199593842
      },
      "fenics_structural": {
        "compliance": 0.000993831199593842
      },
      "firedrake_structural": {
        "compliance": 0.000993831199593842
      }
    },
    "1.0": {
      "jax_fem": {
        "compliance": 0.003975324798375368
      },
      "topopt_jl": {
        "compliance": 0.003997310996055603
      },
      "dealii_structural": {
        "compliance": 0.003975324798375368
      },
      "fenics_structural": {
        "compliance": 0.003975324798375368
      },
      "firedrake_structural": {
        "compliance": 0.003975324798375368
      }
    },
    "2.0": {
      "jax_fem": {
        "compliance": 0.015901299193501472
      },
      "topopt_jl": {
        "compliance": 0.015989243984222412
      },
      "dealii_structural": {
        "compliance": 0.015901299193501472
      },
      "fenics_structural": {
        "compliance": 0.015901299193501472
      },
      "firedrake_structural": {
        "compliance": 0.015901299193501472
      }
    },
    "4.0": {
      "jax_fem": {
        "compliance": 0.06360519677400589
      },
      "topopt_jl": {
        "compliance": 0.06395697593688965
      },
      "dealii_structural": {
        "compliance": 0.06360519677400589
      },
      "fenics_structural": {
        "compliance": 0.06360519677400589
      },
      "firedrake_structural": {
        "compliance": 0.06360519677400589
      }
    }
  },
  "sweep_key": "F_total",
  "params": {
    "ic": {
      "name": "uniform",
      "seed": 0
    },
    "physics": {
      "nx": 8,
      "ny": 2,
      "nz": 4,
      "Lx": 2.0,
      "Ly": 1.0,
      "Lz": 1.0,
      "corner_load": false,
      "rho_0": 0.5
    },
    "sweep": {
      "key": "F_total",
      "values": [
        0.25,
        0.5,
        1.0,
        2.0,
        4.0
      ]
    }
  },
  "tesseract_hashes": {
    "firedrake_structural": "f3c927f09cdbd4f8",
    "fenics_structural": "37fb93a57b0aeef5",
    "dealii_structural": "3d86563011d2cc09",
    "jax_fem": "c4d160973de083a8",
    "topopt_jl": "30b2830e1cb90029"
  },
  "harness_hash": "77dfb5d467aac2e6",
  "harness_fn": "mosaic.benchmarks.suites.forward.run_physical_laws",
  "wall_time_s": {
    "jax_fem": 7.187145026982762,
    "topopt_jl": 29.242225802969187,
    "dealii_structural": 10.1191148100188,
    "fenics_structural": 19.95898821600713,
    "firedrake_structural": 19.17361405293923
  },
  "spread": {}
}