{
  "by_solver": {
    "jax_fem": {
      "ic_scale": 0.5789427757263184,
      "eps_sweep": {
        "2.0": {
          "rel_error": [
            0.01004858515228858,
            0.13167091010250043,
            0.04149568152995815,
            0.5825195583051418,
            0.03494428836100794,
            0.1639459592008505
          ],
          "cosine": 0.9877574132886543
        },
        "0.5": {
          "rel_error": [
            0.020182887023949846,
            0.007233264194555592,
            0.006714223758681351,
            0.025780099663719202,
            0.003895998608770724,
            0.029095010658082888
          ],
          "cosine": 0.9998716037664971
        },
        "0.1": {
          "rel_error": [
            0.0009352077889766144,
            0.0002875975089311493,
            0.00027270928868464216,
            0.0009100583583609695,
            9.733205624062503e-05,
            0.0012406114918982604
          ],
          "cosine": 0.999999779607723
        },
        "0.03": {
          "rel_error": [
            7.999329349155576e-05,
            2.4939748425483537e-05,
            2.6531048912865983e-05,
            7.464020848990481e-05,
            8.65250563945081e-06,
            0.00011360161326572093
          ],
          "cosine": 0.9999999982090031
        },
        "0.01": {
          "rel_error": [
            2.565441483188783e-05,
            2.424758236449087e-06,
            1.6516239349454477e-05,
            8.986482768704879e-05,
            3.983633574928993e-05,
            7.573440884381395e-06
          ],
          "cosine": 0.9999999998034677
        },
        "0.003": {
          "rel_error": [
            2.49137361884475e-06,
            1.9917260237103726e-05,
            3.0865699157784934e-05,
            0.00017336711691341413,
            5.362797292751769e-05,
            2.7734399425908167e-05
          ],
          "cosine": 0.9999999992900974
        },
        "0.001": {
          "rel_error": [
            0.00023016340187835955,
            9.472979365443732e-05,
            5.522637282748865e-05,
            0.00017327191256585046,
            5.362797292751769e-05,
            6.058752707505116e-05
          ],
          "cosine": 0.9999999962721092
        },
        "0.0003": {
          "rel_error": [
            0.0013205626868319795,
            5.4816855845438286e-05,
            0.0008483956824193088,
            0.00017327191256585046,
            0.0005206870581550752,
            3.111251390340465e-05
          ],
          "cosine": 0.9999999326517875
        },
        "0.0001": {
          "rel_error": [
            0.002095985892091875,
            5.4816855845438286e-05,
            0.0008483956824193088,
            0.00017336711691341413,
            0.0010350740272411028,
            0.0012097036655863255
          ],
          "cosine": 0.9999997099337813
        }
      }
    },
    "topopt_jl": {
      "ic_scale": 0.5789427757263184,
      "eps_sweep": {
        "2.0": {
          "rel_error": [
            0.01004858515228858,
            0.13167091010250043,
            0.04149568152995815,
            0.5825195583051418,
            0.03494428836100794,
            0.1639459592008505
          ],
          "cosine": 0.9877574132886543
        },
        "0.5": {
          "rel_error": [
            0.020182887023949846,
            0.007233264194555592,
            0.006714223758681351,
            0.025780099663719202,
            0.003895998608770724,
            0.029095010658082888
          ],
          "cosine": 0.9998716037664971
        },
        "0.1": {
          "rel_error": [
            0.0009352077889766144,
            0.0002875975089311493,
            0.00027270928868464216,
            0.0009100583583609695,
            9.733205624062503e-05,
            0.0012406114918982604
          ],
          "cosine": 0.999999779607723
        },
        "0.03": {
          "rel_error": [
            7.999329349155576e-05,
            2.4939748425483537e-05,
            2.6531048912865983e-05,
            7.464020848990481e-05,
            8.65250563945081e-06,
            0.00011360161326572093
          ],
          "cosine": 0.9999999982090031
        },
        "0.01": {
          "rel_error": [
            2.565441483188783e-05,
            2.424758236449087e-06,
            1.6516239349454477e-05,
            8.986482768704879e-05,
            3.983633574928993e-05,
            7.573440884381395e-06
          ],
          "cosine": 0.9999999998034677
        },
        "0.003": {
          "rel_error": [
            2.49137361884475e-06,
            1.9917260237103726e-05,
            3.0865699157784934e-05,
            0.00017336711691341413,
            5.362797292751769e-05,
            2.7734399425908167e-05
          ],
          "cosine": 0.9999999992900974
        },
        "0.001": {
          "rel_error": [
            0.00023016340187835955,
            9.472979365443732e-05,
            5.522637282748865e-05,
            0.00017327191256585046,
            5.362797292751769e-05,
            6.058752707505116e-05
          ],
          "cosine": 0.9999999962721092
        },
        "0.0003": {
          "rel_error": [
            0.0013205626868319795,
            5.4816855845438286e-05,
            0.0008483956824193088,
            0.00017327191256585046,
            0.0005206870581550752,
            3.111251390340465e-05
          ],
          "cosine": 0.9999999326517875
        },
        "0.0001": {
          "rel_error": [
            0.002095985892091875,
            5.4816855845438286e-05,
            0.0008483956824193088,
            0.00017336711691341413,
            0.0010350740272411028,
            0.0012097036655863255
          ],
          "cosine": 0.9999997099337813
        }
      }
    },
    "dealii_structural": {
      "ic_scale": 0.5789427757263184,
      "eps_sweep": {
        "2.0": {
          "rel_error": [
            0.08037649368790294,
            0.10304075624703862,
            0.05269095814447089,
            0.5966126286687002,
            0.031104676040988058,
            0.1722612390886162
          ],
          "cosine": 0.9887195264800654
        },
        "0.5": {
          "rel_error": [
            0.020182887023949846,
            0.006983466497522692,
            0.0067142979922349974,
            0.026928364427079167,
            0.002640159952162495,
            0.029095010658082888
          ],
          "cosine": 0.9998739651639699
        },
        "0.1": {
          "rel_error": [
            0.0009352077889766144,
            0.0002875975089311493,
            0.0002727840036470848,
            0.0009098681229126442,
            9.733205624062503e-05,
            0.0012406114918982604
          ],
          "cosine": 0.9999997796106793
        },
        "0.03": {
          "rel_error": [
            7.999329349155576e-05,
            2.4939748425483537e-05,
            2.6605782273523882e-05,
            7.444981397066944e-05,
            8.65250563945081e-06,
            0.00011360161326572093
          ],
          "cosine": 0.9999999982092245
        },
        "0.01": {
          "rel_error": [
            2.565441483188783e-05,
            2.424758236449087e-06,
            1.6441505234751063e-05,
            9.005521927113152e-05,
            3.983633574928993e-05,
            7.573440884381395e-06
          ],
          "cosine": 0.999999999803251
        },
        "0.003": {
          "rel_error": [
            2.49137361884475e-06,
            1.9917260237103726e-05,
            3.094043219449126e-05,
            0.00017317674119264414,
            5.362797292751769e-05,
            2.7734399425908167e-05
          ],
          "cosine": 0.9999999992904592
        },