{
  "solver_names": [
    "jax_fem",
    "topopt_jl",
    "dealii_structural",
    "fenics_structural",
    "firedrake_structural"
  ],
  "singular_values": [
    1.0,
    1.611709675140453e-16,
    0.0,
    0.0,
    0.0
  ],
  "singular_values_raw": [
    0.014122995547950268,
    2.276216791264486e-18,
    0.0,
    0.0,
    0.0
  ],
  "condition_number": 1.4122996087433795e+28,
  "effective_rank": 1.0,
  "explained_variance": [
    1.0,
    1.0,
    1.0,
    1.0,
    1.0
  ],
  "per_solver_spectra": {
    "jax_fem": [
      1.0
    ],
    "topopt_jl": [
      1.0
    ],
    "dealii_structural": [
      1.0
    ],
    "fenics_structural": [
      1.0
    ],
    "firedrake_structural": [
      1.0
    ]
  },
  "per_solver_cond": {
    "jax_fem": 1.0,
    "topopt_jl": 1.0,
    "dealii_structural": 1.0,
    "fenics_structural": 1.0,
    "firedrake_structural": 1.0
  },
  "per_solver_eff_rank": {
    "jax_fem": 1.0,
    "topopt_jl": 1.0,
    "dealii_structural": 1.0,
    "fenics_structural": 1.0,
    "firedrake_structural": 1.0
  },
  "per_solver_grad_norm": {
    "jax_fem": 0.0063159954734146595,
    "topopt_jl": 0.0063159954734146595,
    "dealii_structural": 0.0063159954734146595,
    "fenics_structural": 0.0063159954734146595,
    "firedrake_structural": 0.0063159954734146595
  },
  "cross_cosine": [
    [
      1.0,
      1.0,
      1.0,
      1.0,
      1.0
    ],
    [
      1.0,
      1.0,
      1.0,
      1.0,
      1.0
    ],
    [
      1.0,
      1.0,
      1.0,
      1.0,
      1.0
    ],
    [
      1.0,
      1.0,
      1.0,
      1.0,
      1.0
    ],
    [
      1.0,
      1.0,
      1.0,
      1.0,
      1.0
    ]
  ],
  "grad_norms": {
    "jax_fem": 6.295913772191852e-05,
    "topopt_jl": 6.295913772191852e-05,
    "dealii_structural": 6.295913772191852e-05,
    "fenics_structural": 6.295913772191852e-05,
    "firedrake_structural": 6.295913772191852e-05
  },
  "landscape": {
    "alphas": [
      -0.2,
      -0.18000000000000002,
      -0.16,
      -0.14,
      -0.12000000000000001,
      -0.1,
      -0.08000000000000002,
      -0.06,
      -0.04000000000000001,
      -0.020000000000000018,
      0.0,
      0.01999999999999999,
      0.03999999999999998,
      0.06,
      0.08000000000000002,
      0.09999999999999998,
      0.12,
      0.14,
      0.15999999999999998,
      0.18,
      0.2
    ],
    "by_solver": {
      "jax_fem": [
        3.3788677683332935e-05,
        3.272464527981356e-05,
        3.170239142491482e-05,
        3.072030085604638e-05,
        2.977680014737416e-05,
        2.8870332243968733e-05,
        2.7999358280794695e-05,
        2.716239214350935e-05,
        2.6357980459579267e-05,
        2.5584728064131923e-05,
        2.4841274353093468e-05,
        2.4126309654093347e-05,
        2.3438587959390134e-05,
        2.277689600305166e-05,
        2.214008054579608e-05,
        2.152704109903425e-05,
        2.0936719010933302e-05,
        2.0368112018331885e-05,
        1.9820248780888505e-05,
        1.9292223441880196e-05,
        1.878316470538266e-05
      ],
      "topopt_jl": [
        3.3788677683332935e-05,
        3.272464527981356e-05,
        3.170239142491482e-05,
        3.072030085604638e-05,
        2.977680014737416e-05,
        2.8870332243968733e-05,
        2.7999358280794695e-05,
        2.716239214350935e-05,
        2.6357980459579267e-05,
        2.5584728064131923e-05,
        2.4841274353093468e-05,
        2.4126309654093347e-05,
        2.3438587959390134e-05,
        2.277689600305166e-05,
        2.214008054579608e-05,
        2.152704109903425e-05,
        2.0936719010933302e-05,
        2.0368112018331885e-05,
        1.9820248780888505e-05,
        1.9292223441880196e-05,
        1.878316470538266e-05
      ],
      "dealii_structural": [
        3.3788677683332935e-05,
        3.272464527981356e-05,
        3.170239142491482e-05,
        3.072030085604638e-05,
        2.977680014737416e-05,
        2.8870332243968733e-05,
        2.7999358280794695e-05,
        2.716239214350935e-05,
        2.6357980459579267e-05,
        2.5584728064131923e-05,
        2.4841274353093468e-05,
        2.4126309654093347e-05,
        2.3438587959390134e-05,
        2.277689600305166e-05,
        2.214008054579608e-05,
        2.152704109903425e-05,
        2.0936719010933302e-05,
        2.0368112018331885e-05,
        1.9820248780888505e-05,
        1.9292223441880196e-05,
        1.878316470538266e-05
      ],
      "fenics_structural": [
        3.3788677683332935e-05,
        3.272464527981356e-05,
        3.170239142491482e-05,
        3.072030085604638e-05,
        2.977680014737416e-05,
        2.8870332243968733e-05,
        2.7999358280794695e-05,
        2.716239214350935e-05,
        2.6357980459579267e-05,
        2.5584728064131923e-05,
        2.4841274353093468e-05,
        2.4126309654093347e-05,
        2.3438587959390134e-05,
        2.277689600305166e-05,
        2.214008054579608e-05,
        2.152704109903425e-05,
        2.0936719010933302e-05,
        2.0368112018331885e-05,
        1.9820248780888505e-05,
        1.9292223441880196e-05,
        1.878316470538266e-05
      ],
      "firedrake_structural": [
        3.3788677683332935e-05,
        3.272464527981356e-05,
        3.170239142491482e-05,
        3.072030085604638e-05,
        2.977680014737416e-05,
        2.8870332243968733e-05,
        2.7999358280794695e-05,
        2.716239214350935e-05,
        2.6357980459579267e-05,
        2.5584728064131923e-05,
        2.4841274353093468e-05,
        2.4126309654093347e-05,
        2.3438587959390134e-05,
        2.277689600305166e-05,
        2.214008054579608e-05,
        2.152704109903425e-05,
        2.0936719010933302e-05,
        2.0368112018331885e-05,
        1.9820248780888505e-05,
        1.9292223441880196e-05,
        1.878316470538266e-05
      ]
    }
  },
  "params": {
    "ic": {
      "name": "random",
      "seed": 0
    },
    "physics": {
      "nx": 8,
      "ny": 2,
      "nz": 4,
      "Lx": 2.0,
      "Ly": 1.0,
      "Lz": 1.0,
      "F_total": 1.0,
      "corner_load": true
    },
    "jacobian": {
      "n_alphas": 21,
      "alpha_range": 0.2
    }
  },
  "tesseract_hashes": {
    "dealii_structural": "735398d53b47f392",
    "fenics_structural": "37fb93a57b0aeef5",
    "topopt_jl": "30b2830e1cb90029",
    "firedrake_structural": "f3c927f09cdbd4f8",
    "jax_fem": "c4d160973de083a8"
  },
  "harness_hash": "01564e71d2201117",
  "harness_fn": "mosaic.benchmarks.suites.gradient.run_jacobian_svd",
  "wall_time_s": {
    "jax_fem": 12.348258109996095,
    "topopt_jl": 30.766811970970593,
    "dealii_structural": 4.932549861026928,
    "fenics_structural": 35.145291690016165,
    "firedrake_structural": 41.597384569002315
  }
}