{
  "by_solver": {
    "exponax": {
      "ic_scale": 0.28867512941360474,
      "eps_sweep": {
        "5.0": {
          "rel_error": [
            0.0006174193419500097,
            0.03775831881091764,
            0.0037733810118027035,
            0.0012651760960240015,
            0.0005895294457266082,
            0.00019841302233751873,
            0.00012263173413301572,
            0.005925292019857424,
            0.0002858665078433902,
            0.0005754444451219214
          ],
          "cosine": 0.9999996923284726
        },
        "1.0": {
          "rel_error": [
            0.00017767903464824887,
            0.003603663575131228,
            0.0014332419915216539,
            0.000334005633714352,
            0.00014467128932228347,
            0.00018774682585420723,
            0.00022270299988644138,
            0.0001876399753694622,
            0.00014449266959442293,
            0.00029518171312314543
          ],
          "cosine": 0.999999981569453
        },
        "0.1": {
          "rel_error": [
            0.0026183869133264244,
            0.021549683325797563,
            0.03543848085944634,
            0.0120709248845657,
            0.004755371936374924,
            0.0015522581045406979,
            0.0011842294770486946,
            0.005422646762784928,
            0.0009209781343391903,
            0.003886374061279386
          ],
          "cosine": 0.999990810581249
        },
        "0.01": {
          "rel_error": [
            0.0008867194933987498,
            0.3107247673725065,
            0.08976816420186644,
            0.038141216184183424,
            0.026283162545887546,
            0.00813090688247212,
            0.027878795833919164,
            0.2519912056513971,
            0.0038653045190118543,
            0.11833384793813068
          ],
          "cosine": 0.9994843038100196
        },
        "0.001": {
          "rel_error": [
            0.11053715072748319,
            1.1088458388495754,
            1.2253156062637642,
            1.1712795856149236,
            0.3789439207643334,
            0.18743538380076852,
            0.2894707079811412,
            1.1605954762586748,
            0.11304885202649466,
            0.3836912702891176
          ],
          "cosine": 0.898780243922743
        },
        "0.0001": {
          "rel_error": [
            0.6071896327130196,
            0.9966703892918947,
            0.9641747688685615,
            0.9651911170858221,
            1.7490445661592045,
            0.7278136180627452,
            1.5224567802114406,
            0.9381070862285545,
            0.7523667701962258,
            0.9541477154689219
          ],
          "cosine": 0.4042477960264761
        }
      }
    },
    "phiflow": {
      "ic_scale": 0.28867512941360474,
      "eps_sweep": {
        "5.0": {
          "rel_error": [
            8.257135049375702e-05,
            0.00018305758260274267,
            0.00020795849125038613,
            2.5270404639930666e-05,
            6.469382603989447e-05,
            1.9913705946650784e-06,
            3.632577092898088e-05,
            4.25321098484095e-05,
            0.00014545858427510128,
            4.540058554243377e-05
          ],
          "cosine": 0.9999999980528445
        },
        "1.0": {
          "rel_error": [
            3.816623500269361e-06,
            2.0555497173340283e-05,
            2.6116400307097568e-05,
            2.9599751258684184e-05,
            9.860179619099745e-07,
            2.655090295970217e-05,
            2.5122306119192252e-05,
            1.4587637791605932e-05,
            2.5319913476682763e-05,
            4.263007736956872e-05
          ],
          "cosine": 0.9999999998706812
        },
        "0.1": {
          "rel_error": [
            0.0001221324181420768,
            0.0004284630385722656,
            3.257299039810846e-05,
            5.3772318824609494e-05,
            3.96683001966501e-05,
            8.164619438126821e-06,
            2.2409568838716094e-06,
            0.0010650090816745103,
            0.0006989017595153555,
            0.0003709317113111391
          ],
          "cosine": 0.999999985138497
        },
        "0.01": {
          "rel_error": [
            0.0013628772787914467,
            0.008830721304163515,
            0.003420066175013406,
            0.0019914188514233446,
            0.0008990217251068712,
            0.0005947339936948246,
            0.003794349165661475,
            0.0005292358523898972,
            0.002635268645516812,
            0.0012141975495659552
          ],
          "cosine": 0.9999985846702083
        },
        "0.001": {
          "rel_error": [
            0.004776927335721778,
            0.12625824898132965,
            0.03577369227814916,
            0.0017000325413011157,
            0.008523906142829697,
            0.02062435599473419,
            0.026446017176809528,
            0.00018411402795464658,
            0.02070658686547507,
            0.008966812254844173
          ],
          "cosine": 0.9997864409251748
        },
        "0.0001": {
          "rel_error": [
            0.05499029475201857,
            0.18583206672955846,
            0.19102664979261863,
            0.23082236535329295,
            0.025559886201279382,
            0.2646168427071462,
            0.049734775956068566,
            0.5699588205791516,
            0.3864256053064622,
            0.10478660697025895
          ],
          "cosine": 0.9777910609751634
        }
      }
    },
    "xlb": {
      "ic_scale": 0.28867512941360474,
      "eps_sweep": {
        "5.0": {
          "rel_error": [
            0.0005947753836671946,
            0.005465006579807178,
            0.0021956943698697813,
            0.001481938586360602,
            0.0008892916141855609,
            6.713392598120681e-05,
            0.00011619563822041134,
            0.002291448665222787,
            0.0003329802986495164,
            0.004834706399247409
          ],
          "cosine": 0.9999994468633219
        },
        "1.0": {
          "rel_error": [
            3.545018843049504e-05,
            0.0018675997532891341,
            0.000811306819453459,
            0.00028686321469767906,
            7.035429883707436e-05,
            0.0001205930291971295,
            0.0001256665183715381,
            0.0015257606047515936,
            9.914236523834145e-05,
            0.0023057659601102213
          ],
          "cosine": 0.9999999327055508
        },
        "0.1": {
          "rel_error": [
            4.9236372820132e-05,
            0.00028169425029398923,
            5.0759138135123714e-05,
            9.831650009897825e-05,
            6.633872040340127e-05,
            3.181660692065127e-05,
            0.00011841154411503695,
            0.00026741572873884934,
            1.0951209454479554e-05,
            5.254792924283043e-05
          ],
          "cosine": 0.9999999986460187
        },
        "0.01": {
          "rel_error": [
            2.3401210746206688e-05,
            0.0006965359746539134,
            0.0005826678388023924,
            0.0002558749938473408,
            6.224087403815621e-05,
            0.00037195412026786085,
            0.001041736571366534,
            0.000329887402295248,
            0.00047813561208478073,
            0.0018335539731765868
          ],
          "cosine": 0.9999999172464997
        },
        "0.001": {
          "rel_error": [
            0.00327866808064087,
            0.03379312731113043,
            0.0031404247028256078,
            0.004943114136066129,
            0.0004931991911904207,
            0.0010713133790274413,
            0.008101951575905623,
            0.0007929907296550506,
            0.014289630954291522,
            0.031430358285154454
          ],
          "cosine": 0.9999823466550459
        },