{
  "by_param": {
    "0.001": {
      "exponax": {
        "error": 0.12425095587968826,
        "valid": true
      },
      "phiflow": {
        "error": 0.11460328847169876,
        "valid": true
      },
      "xlb": {
        "error": 0.11872772872447968,
        "valid": true
      },
      "ins_jl": {
        "error": 0.11267081648111343,
        "valid": true
      },
      "warp_ns": {
        "error": 0.12155016511678696,
        "valid": true
      },
      "openfoam": {
        "error": 0.11834203451871872,
        "valid": true
      },
      "pict": {
        "error": 0.11647094786167145,
        "valid": true
      }
    },
    "0.01": {
      "exponax": {
        "error": 0.1218588724732399,
        "valid": true
      },
      "phiflow": {
        "error": 0.11415503174066544,
        "valid": true
      },
      "xlb": {
        "error": 0.11833448708057404,
        "valid": true
      },
      "ins_jl": {
        "error": 0.11234300583600998,
        "valid": true
      },
      "warp_ns": {
        "error": 0.11937092989683151,
        "valid": true
      },
      "openfoam": {
        "error": 0.11614465713500977,
        "valid": true
      },
      "pict": {
        "error": 0.11432933062314987,
        "valid": true
      }
    },
    "0.05": {
      "exponax": {
        "error": 0.11408758908510208,
        "valid": true
      },
      "phiflow": {
        "error": 0.11479712277650833,
        "valid": true
      },
      "xlb": {
        "error": 0.11964423954486847,
        "valid": true
      },
      "ins_jl": {
        "error": 0.11347278952598572,
        "valid": true
      },
      "warp_ns": {
        "error": 0.11229945719242096,
        "valid": true
      },
      "openfoam": {
        "error": 0.10915409028530121,
        "valid": true
      },
      "pict": {
        "error": 0.1075257956981659,
        "valid": true
      }
    }
  },
  "spread": {
    "0.001": 0.003675135551020503,
    "0.01": 0.003111940808594227,
    "0.05": 0.003665097989141941
  },
  "sweep_key": "nu",
  "reference_label": "analytic",
  "params": {
    "ic": {
      "name": "tgv3d",
      "seed": 0
    },
    "physics": {
      "N": 16,
      "dt": 0.01,
      "steps": 50,
      "lbm_N_base": 16
    },
    "sweep": {
      "key": "nu",
      "values": [
        0.001,
        0.01,
        0.05
      ]
    },
    "fine": {
      "solvers": [
        "exponax"
      ],
      "dt": 0.002,
      "steps": 250
    }
  },
  "tesseract_hashes": {
    "exponax": "79d751cf65d55998",
    "xlb": "81d9c57b12d682cf",
    "pict": "22f97a934601d8e2",
    "openfoam": "9c0d8de654862fda",
    "warp_ns": "1231605635780d11",
    "phiflow": "09823ad72fe29cc4",
    "ins_jl": "2f476febd9b6f13d"
  },
  "harness_hash": "a9e7977ebeef4a9d",
  "harness_fn": "mosaic.benchmarks.suites.forward.run_agreement",
  "wall_time_s": {
    "exponax": 5.728009655955248,
    "phiflow": 20.879454471054487,
    "xlb": 3.7638668019790202,
    "ins_jl": 24.421638359082863,
    "warp_ns": 5.4520381450420246,
    "openfoam": 3.197315228986554,
    "pict": 3.7996645650127903
  }
}