{
  "by_param": {
    "16": {
      "jax_cfd": {
        "error": 0.038172028958797455,
        "valid": true
      },
      "phiflow": {
        "error": 0.0380484014749527,
        "valid": true
      },
      "ins_jl": {
        "error": 0.03804793208837509,
        "valid": true
      },
      "openfoam": {
        "error": 0.0009600159246474504,
        "valid": true
      },
      "pict": {
        "error": 0.0009598742472007871,
        "valid": true
      },
      "xlb": {
        "error": 0.05020418390631676,
        "valid": true
      },
      "warp_ns": {
        "error": 0.0013066786341369152,
        "valid": true
      }
    },
    "32": {
      "jax_cfd": {
        "error": 0.009637434035539627,
        "valid": true
      },
      "phiflow": {
        "error": 0.009604740887880325,
        "valid": true
      },
      "ins_jl": {
        "error": 0.00960417091846466,
        "valid": true
      },
      "openfoam": {
        "error": 0.0002525276504456997,
        "valid": true
      },
      "pict": {
        "error": 0.00025224502314813435,
        "valid": true
      },
      "xlb": {
        "error": 0.013687536120414734,
        "valid": true
      },
      "warp_ns": {
        "error": 0.0003541698679327965,
        "valid": true
      }
    },
    "64": {
      "jax_cfd": {
        "error": 0.002427849220111966,
        "valid": true
      },
      "phiflow": {
        "error": 0.002407319378107786,
        "valid": true
      },
      "ins_jl": {
        "error": 0.002406822983175516,
        "valid": true
      },
      "openfoam": {
        "error": 5.8267676649848e-05,
        "valid": true
      },
      "pict": {
        "error": 5.639411756419577e-05,
        "valid": true
      },
      "xlb": {
        "error": 0.006978033110499382,
        "valid": true
      },
      "warp_ns": {
        "error": 9.035089169628918e-05,
        "valid": true
      }
    },
    "128": {
      "jax_cfd": {
        "error": 0.0006218989728949964,
        "valid": true
      },
      "phiflow": {
        "error": 0.0006025606417097151,
        "valid": true
      },
      "ins_jl": {
        "error": 0.0006020606379024684,
        "valid": true
      },
      "openfoam": {
        "error": 3.5954799386672676e-05,
        "valid": true
      },
      "pict": {
        "error": 1.4510212167806458e-05,
        "valid": true
      },
      "xlb": {
        "error": 0.006995341740548611,
        "valid": true
      },
      "warp_ns": {
        "error": 2.2704380171489902e-05,
        "valid": true
      }
    }
  },
  "spread": {
    "16": 0.02020915597677231,
    "32": 0.005291256122291088,
    "64": 0.0022823596373200417,
    "128": 0.002352690091356635
  },
  "sweep_key": "N",
  "reference_label": "analytic",
  "params": {
    "ic": {
      "name": "tgv",
      "seed": 0
    },
    "physics": {
      "N": 64,
      "nu": 0.05,
      "dt": 0.01,
      "steps": 1,
      "lbm_N_base": 64
    },
    "sweep": {
      "key": "N",
      "values": [
        16,
        32,
        64,
        128
      ]
    }
  },
  "tesseract_hashes": {
    "phiflow": "09823ad72fe29cc4",
    "xlb": "81d9c57b12d682cf",
    "pict": "22f97a934601d8e2",
    "warp_ns": "1231605635780d11",
    "ins_jl": "2f476febd9b6f13d",
    "jax_cfd": "743d436b1396a1bd",
    "openfoam": "9c0d8de654862fda"
  },
  "harness_hash": "a9e7977ebeef4a9d",
  "harness_fn": "mosaic.benchmarks.suites.forward.run_agreement",
  "wall_time_s": {
    "jax_cfd": 9.575560541939922,
    "phiflow": 14.97789894498419,
    "ins_jl": 20.039163106004708,
    "openfoam": 2.867585973930545,
    "pict": 1.3196659510722384,
    "xlb": 2.8372970040654764,
    "warp_ns": 4.684319967054762
  }
}