{
  "by_solver": {
    "FEniCS": {
      "0.05": {
        "grad_norm": 6216626.0,
        "ic_scale": 0.03705454617738724,
        "eps_sweep": {
          "0.1": {
            "rel_error_mean": 0.022203484871918786,
            "rel_error_std": 0.0048443690711306876,
            "cosine_mean": 0.9999890013519457
          },
          "0.01": {
            "rel_error_mean": 0.022162848735995874,
            "rel_error_std": 0.0043567925715220675,
            "cosine_mean": 0.9999913286069733
          },
          "0.001": {
            "rel_error_mean": 0.025477973805648466,
            "rel_error_std": 0.01246820768652691,
            "cosine_mean": 0.9999627707847611
          },
          "0.0001": {
            "rel_error_mean": 0.028388567377251497,
            "rel_error_std": 0.030144783679883554,
            "cosine_mean": 0.9998353396291928
          }
        },
        "ram_peak_mib": 455.708672
      },
      "0.1": {
        "grad_norm": 8858712.0,
        "ic_scale": 0.12487867474555969,
        "eps_sweep": {
          "0.1": {
            "rel_error_mean": 0.01812615970020999,
            "rel_error_std": 0.004836102801474278,
            "cosine_mean": 0.9999890261371843
          },
          "0.01": {
            "rel_error_mean": 0.018144868908964676,
            "rel_error_std": 0.004882361824255932,
            "cosine_mean": 0.999988694151558
          },
          "0.001": {
            "rel_error_mean": 0.016642913459327464,
            "rel_error_std": 0.008410324907521088,
            "cosine_mean": 0.9999794598596695
          },
          "0.0001": {
            "rel_error_mean": 0.0819354280016378,
            "rel_error_std": 0.05413354058984837,
            "cosine_mean": 0.99963280827009
          }
        },
        "ram_peak_mib": 455.979008
      },
      "0.2": {
        "grad_norm": 25247808.0,
        "ic_scale": 0.250629723072052,
        "eps_sweep": {
          "0.1": {
            "rel_error_mean": 0.00949644164424138,
            "rel_error_std": 0.004818218973448598,
            "cosine_mean": 0.9999889282319767
          },
          "0.01": {
            "rel_error_mean": 0.009557765964136593,
            "rel_error_std": 0.0047893535028331585,
            "cosine_mean": 0.9999888869114768
          },
          "0.001": {
            "rel_error_mean": 0.009576537142030507,
            "rel_error_std": 0.005173943311371716,
            "cosine_mean": 0.9999859877392558
          },
          "0.0001": {
            "rel_error_mean": 0.039181830192868514,
            "rel_error_std": 0.024667106971423932,
            "cosine_mean": 0.9997735968375534
          }
        },
        "ram_peak_mib": 456.105984
      },
      "0.3": {
        "grad_norm": 71246272.0,
        "ic_scale": 0.37282678484916687,
        "eps_sweep": {
          "0.1": {
            "rel_error_mean": 0.0056049389689924786,
            "rel_error_std": 0.003142241776819162,
            "cosine_mean": 0.9999894841136121
          },
          "0.01": {
            "rel_error_mean": 0.00574387248282568,
            "rel_error_std": 0.003037138956141216,
            "cosine_mean": 0.999989838314337
          },
          "0.001": {
            "rel_error_mean": 0.004839057041807287,
            "rel_error_std": 0.003144867609391595,
            "cosine_mean": 0.9999928672748817
          },
          "0.0001": {
            "rel_error_mean": 0.026643400497200723,
            "rel_error_std": 0.009426868648010693,
            "cosine_mean": 0.9997536406472987
          }
        },
        "ram_peak_mib": 456.187904
      },
      "0.5": {
        "grad_norm": 262514288.0,
        "ic_scale": 0.5747156143188477,
        "eps_sweep": {
          "0.1": {
            "rel_error_mean": 0.004021707286206345,
            "rel_error_std": 0.0023872560700708974,
            "cosine_mean": 0.9999901148354512
          },
          "0.01": {
            "rel_error_mean": 0.004038031109764086,
            "rel_error_std": 0.002061895059566684,
            "cosine_mean": 0.9999909376696949
          },
          "0.001": {
            "rel_error_mean": 0.005221460376109666,
            "rel_error_std": 0.002161961158389866,
            "cosine_mean": 0.9999876443916478
          },
          "0.0001": {
            "rel_error_mean": 0.03415699010168427,
            "rel_error_std": 0.039679634676835385,
            "cosine_mean": 0.9997696374481415
          }
        },
        "ram_peak_mib": 456.257536
      }
    },
    "Firedrake": {
      "0.05": {
        "grad_norm": 6216626.0,
        "ic_scale": 0.03705454617738724,
        "eps_sweep": {
          "0.1": {
            "rel_error_mean": 0.022203484871918786,
            "rel_error_std": 0.0048443690711306876,
            "cosine_mean": 0.9999890013519457
          },
          "0.01": {
            "rel_error_mean": 0.022162848735995874,
            "rel_error_std": 0.0043567925715220675,
            "cosine_mean": 0.9999913286069733
          },
          "0.001": {
            "rel_error_mean": 0.025477973805648466,
            "rel_error_std": 0.01246820768652691,
            "cosine_mean": 0.9999627707847611
          },
          "0.0001": {
            "rel_error_mean": 0.028388567377251497,
            "rel_error_std": 0.030144783679883554,
            "cosine_mean": 0.9998353396291928
          }
        },
        "ram_peak_mib": 454.750208
      },
      "0.1": {
        "grad_norm": 8858712.0,
        "ic_scale": 0.12487867474555969,
        "eps_sweep": {
          "0.1": {
            "rel_error_mean": 0.01812615970020999,
            "rel_error_std": 0.004836102801474278,
            "cosine_mean": 0.9999890261371843
          },
          "0.01": {
            "rel_error_mean": 0.018144868908964676,
            "rel_error_std": 0.004882361824255932,
            "cosine_mean": 0.999988694151558
          },
          "0.001": {
            "rel_error_mean": 0.016642913459327464,
            "rel_error_std": 0.008410324907521088,
            "cosine_mean": 0.9999794598596695
          },
          "0.0001": {
            "rel_error_mean": 0.0819354280016378,
            "rel_error_std": 0.05413354058984837,
            "cosine_mean": 0.99963280827009
          }
        },
        "ram_peak_mib": 454.754304
      },
      "0.2": {
        "grad_norm": 25247808.0,
        "ic_scale": 0.250629723072052,
        "eps_sweep": {
          "0.1": {
            "rel_error_mean": 0.00949644164424138,
            "rel_error_std": 0.004818218973448598,
            "cosine_mean": 0.9999889282319767
          },
          "0.01": {
            "rel_error_mean": 0.009557765964136593,
            "rel_error_std": 0.0047893535028331585,
            "cosine_mean": 0.9999888869114768
          },
          "0.001": {
            "rel_error_mean": 0.009576537142030507,
            "rel_error_std": 0.005173943311371716,
            "cosine_mean": 0.9999859877392558
          },
          "0.0001": {
            "rel_error_mean": 0.039181830192868514,
            "rel_error_std": 0.024667106971423932,
            "cosine_mean": 0.9997735968375534
          }
        },
        "ram_peak_mib": 454.754304
      },
      "0.3": {
        "grad_norm": 71246272.0,
        "ic_scale": 0.37282678484916687,
        "eps_sweep": {
          "0.1": {
            "rel_error_mean": 0.0056049389689924786,
            "rel_error_std": 0.003142241776819162,
            "cosine_mean": 0.9999894841136121
          },
          "0.01": {
            "rel_error_mean": 0.00574387248282568,
            "rel_error_std": 0.003037138956141216,
            "cosine_mean": 0.999989838314337
          },
          "0.001": {
            "rel_error_mean": 0.004839057041807287,
            "rel_error_std": 0.003144867609391595,
            "cosine_mean": 0.9999928672748817
          },
          "0.0001": {
            "rel_error_mean": 0.026643400497200723,
            "rel_error_std": 0.009426868648010693,