{
  "by_solver": {
    "jax_fem": {
      "ic_scale": 0.5125885009765625,
      "eps_sweep": {
        "1.0": {
          "rel_error": [
            0.09767600482732394,
            0.21374319741043848,
            0.10362114701799982,
            0.03556295228731833,
            0.27203913133651264,
            0.16723990025177718
          ],
          "cosine": 0.9818893304386589
        },
        "0.1": {
          "rel_error": [
            0.0010839206534257397,
            0.0026525877277822512,
            0.0013447354906373943,
            0.0010367230201036252,
            0.0038383923366766223,
            0.0009325688711683179
          ],
          "cosine": 0.9999980794346038
        },
        "0.01": {
          "rel_error": [
            1.2609209601712779e-05,
            2.404347935375499e-05,
            4.760685231532358e-05,
            3.834959093769666e-06,
            3.6918533103618014e-05,
            7.438672520756084e-06
          ],
          "cosine": 0.9999999997785062
        },
        "0.001": {
          "rel_error": [
            5.644364944133749e-05,
            0.0001388645703104018,
            0.0018098734082305653,
            3.461176611256375e-05,
            0.000131092683250883,
            6.071269483852392e-05
          ],
          "cosine": 0.9999999887067423
        },
        "0.0001": {
          "rel_error": [
            5.644364944133749e-05,
            0.0037331015405964217,
            0.014883665548820316,
            0.0005409258967904343,
            0.0004181037474820671,
            0.001234491461716653
          ],
          "cosine": 0.9999986023414364
        }
      }
    },
    "fenics_heat": {
      "ic_scale": 0.5125885009765625,
      "eps_sweep": {
        "1.0": {
          "rel_error": [
            0.09552807900105835,
            0.2120578261721212,
            0.1019800204790767,
            0.03571027614854552,
            0.2720413478270187,
            0.16724044721299194
          ],
          "cosine": 0.9819305730504966
        },
        "0.1": {
          "rel_error": [
            0.0010839206534257397,
            0.0026525877277822512,
            0.0013447354906373943,
            0.0010367230201036252,
            0.0038383923366766223,
            0.0009325688711683179
          ],
          "cosine": 0.9999980794346038
        },
        "0.01": {
          "rel_error": [
            1.2609209601712779e-05,
            2.404347935375499e-05,
            4.760685231532358e-05,
            3.834959093769666e-06,
            3.6918533103618014e-05,
            7.438672520756084e-06
          ],
          "cosine": 0.9999999997785062
        },
        "0.001": {
          "rel_error": [
            5.644364944133749e-05,
            0.0001388645703104018,
            0.0018098734082305653,
            3.461176611256375e-05,
            0.000131092683250883,
            6.071269483852392e-05
          ],
          "cosine": 0.9999999887067423
        },
        "0.0001": {
          "rel_error": [
            5.644364944133749e-05,
            0.0037331015405964217,
            0.014883665548820316,
            0.0005409258967904343,
            0.0004181037474820671,
            0.001234491461716653
          ],
          "cosine": 0.9999986023414364
        }
      }
    },
    "firedrake_heat": {
      "ic_scale": 0.5125885009765625,
      "eps_sweep": {
        "1.0": {
          "rel_error": [
            0.09552807900105835,
            0.2120578261721212,
            0.1019800204790767,
            0.03571027614854552,
            0.2720413478270187,
            0.16724044721299194
          ],
          "cosine": 0.9819305730504966
        },
        "0.1": {
          "rel_error": [
            0.0010839206534257397,
            0.0026525877277822512,
            0.0013447354906373943,
            0.0010367230201036252,
            0.0038383923366766223,
            0.0009325688711683179
          ],
          "cosine": 0.9999980794346038
        },
        "0.01": {
          "rel_error": [
            1.2609209601712779e-05,
            2.404347935375499e-05,
            4.760685231532358e-05,
            3.834959093769666e-06,
            3.6918533103618014e-05,
            7.438672520756084e-06
          ],
          "cosine": 0.9999999997785062
        },
        "0.001": {
          "rel_error": [
            5.644364944133749e-05,
            0.0001388645703104018,
            0.0018098734082305653,
            3.461176611256375e-05,
            0.000131092683250883,
            6.071269483852392e-05
          ],
          "cosine": 0.9999999887067423
        },
        "0.0001": {
          "rel_error": [
            5.644364944133749e-05,
            0.0037331015405964217,
            0.014883665548820316,
            0.0005409258967904343,
            0.0004181037474820671,
            0.001234491461716653
          ],
          "cosine": 0.9999986023414364
        }
      }
    },
    "torch_fem_thermal": {
      "ic_scale": 0.5125885009765625,
      "eps_sweep": {
        "1.0": {
          "rel_error": [
            0.09552807900105835,
            0.2120578261721212,
            0.1019800204790767,
            0.03571027614854552,
            0.2720413478270187,
            0.16724044721299194
          ],
          "cosine": 0.9819305730504966
        },
        "0.1": {
          "rel_error": [
            0.0010839206534257397,
            0.0026525877277822512,
            0.0013447354906373943,
            0.0010367230201036252,
            0.0038383923366766223,
            0.0009325688711683179
          ],
          "cosine": 0.9999980794346038
        },
        "0.01": {
          "rel_error": [
            1.2609209601712779e-05,
            2.404347935375499e-05,
            4.760685231532358e-05,
            3.834959093769666e-06,
            3.6918533103618014e-05,
            7.438672520756084e-06
          ],
          "cosine": 0.9999999997785062
        },
        "0.001": {
          "rel_error": [
            5.644364944133749e-05,
            0.0001388645703104018,
            0.0018098734082305653,
            3.461176611256375e-05,
            0.000131092683250883,
            6.071269483852392e-05
          ],
          "cosine": 0.9999999887067423
        },
        "0.0001": {
          "rel_error": [
            5.644364944133749e-05,
            0.0037331015405964217,
            0.014883665548820316,
            0.0005409258967904343,
            0.0004181037474820671,
            0.001234491461716653
          ],
          "cosine": 0.9999986023414364
        }
      }
    }
  },
  "params": {
    "ic": {
      "name": "random",
      "seed": 0
    },
    "physics": {
      "nx": 8,
      "ny": 4,
      "nz": 1,
      "Lx": 2.0,
      "Ly": 1.0,
      "Lz": 1.0,
      "Q_total": 1.0
    },
    "fd": {
      "eps_values": [
        1.0,
        0.1,
        0.01,
        0.001,
        0.0001
      ],
      "n_dirs": 6
    }
  },
  "tesseract_hashes": {
    "jax_fem": "57428ff8b7480089",
    "torch_fem_thermal": "2ee93574883182d1",
    "fenics_heat": "f6f97d9e6ad8769a",
    "firedrake_heat": "2350b99b2e6d5089"
  },
  "harness_hash": "babdc3979ce25e13",
  "harness_fn": "mosaic.benchmarks.suites.gradient.run_fd_check",
  "wall_time_s": {
    "jax_fem": 40.32861468591727,
    "fenics_heat": 23.151611279929057,
    "firedrake_heat": 29.512805492966436,
    "torch_fem_thermal": 14.043262044084258
  }
}