{
  "by_param": {
    "5": {
      "jax_cfd": {
        "divergence_rms": 2.21116697503021e-05,
        "kinetic_energy": 0.24627259373664856,
        "analytic_error": 0.0025104267988353968
      },
      "phiflow": {
        "divergence_rms": 2.0422741897618835e-07,
        "kinetic_energy": 0.24632275104522705,
        "analytic_error": 0.0024061023723334074
      },
      "ins_jl": {
        "divergence_rms": 1.198588392981037e-07,
        "kinetic_energy": 0.2463240623474121,
        "analytic_error": 0.002403613179922104
      },
      "openfoam": {
        "divergence_rms": 0.00027723409584723413,
        "kinetic_energy": 0.2475094497203827,
        "analytic_error": 0.00019612071628216654
      },
      "pict": {
        "divergence_rms": 9.036369738169014e-05,
        "kinetic_energy": 0.24751442670822144,
        "analytic_error": 5.7226083299610764e-05
      },
      "xlb": {
        "divergence_rms": 0.038809411227703094,
        "kinetic_energy": 0.246688574552536,
        "analytic_error": 0.027833769097924232
      },
      "warp_ns": {
        "divergence_rms": 0.0001274467067560181,
        "kinetic_energy": 0.24751192331314087,
        "analytic_error": 9.119268361246213e-05
      }
    },
    "10": {
      "jax_cfd": {
        "divergence_rms": 2.8106125682825223e-05,
        "kinetic_energy": 0.24377375841140747,
        "analytic_error": 0.0026164979208260775
      },
      "phiflow": {
        "divergence_rms": 1.9918827831588715e-07,
        "kinetic_energy": 0.24387255311012268,
        "analytic_error": 0.002404614118859172
      },
      "ins_jl": {
        "divergence_rms": 1.179389883532167e-07,
        "kinetic_energy": 0.24387508630752563,
        "analytic_error": 0.0023996324744075537
      },
      "openfoam": {
        "divergence_rms": 0.0003792698262259364,
        "kinetic_energy": 0.2450464367866516,
        "analytic_error": 0.0002717172319535166
      },
      "pict": {
        "divergence_rms": 8.427908323938027e-05,
        "kinetic_energy": 0.24505357444286346,
        "analytic_error": 5.752459401264787e-05
      },
      "xlb": {
        "divergence_rms": 0.032145917415618896,
        "kinetic_energy": 0.2436581254005432,
        "analytic_error": 0.02334197796881199
      },
      "warp_ns": {
        "divergence_rms": 0.00012617783795576543,
        "kinetic_energy": 0.24504834413528442,
        "analytic_error": 9.089981904253364e-05
      }
    },
    "20": {
      "jax_cfd": {
        "divergence_rms": 3.105651558144018e-05,
        "kinetic_energy": 0.23885317146778107,
        "analytic_error": 0.002833780599758029
      },
      "phiflow": {
        "divergence_rms": 1.991897420339228e-07,
        "kinetic_energy": 0.23904499411582947,
        "analytic_error": 0.002401583595201373
      },
      "ins_jl": {
        "divergence_rms": 1.1459653848078233e-07,
        "kinetic_energy": 0.23904982209205627,
        "analytic_error": 0.002391624730080366
      },
      "openfoam": {
        "divergence_rms": 0.0004292054218240082,
        "kinetic_energy": 0.24019202589988708,
        "analytic_error": 0.0003109773970209062
      },
      "pict": {
        "divergence_rms": 9.407405013917014e-05,
        "kinetic_energy": 0.2402050793170929,
        "analytic_error": 6.12262956565246e-05
      },
      "xlb": {
        "divergence_rms": 0.04163702204823494,
        "kinetic_energy": 0.23913931846618652,
        "analytic_error": 0.030285632237792015
      },
      "warp_ns": {
        "divergence_rms": 0.00012368062743917108,
        "kinetic_energy": 0.24019452929496765,
        "analytic_error": 9.066981147043407e-05
      }
    },
    "50": {
      "jax_cfd": {
        "divergence_rms": 3.312736953375861e-05,
        "kinetic_energy": 0.22468982636928558,
        "analytic_error": 0.003477540099993348
      },
      "phiflow": {
        "divergence_rms": 2.0121065347211697e-07,
        "kinetic_energy": 0.22512826323509216,
        "analytic_error": 0.0023925271816551685
      },
      "ins_jl": {
        "divergence_rms": 1.1375907860156076e-07,
        "kinetic_energy": 0.22513949871063232,
        "analytic_error": 0.002367614768445492
      },
      "openfoam": {
        "divergence_rms": 0.00041421232162974775,
        "kinetic_energy": 0.22619758546352386,
        "analytic_error": 0.00031141957151703537
      },
      "pict": {
        "divergence_rms": 8.695005089975893e-05,
        "kinetic_energy": 0.22622793912887573,
        "analytic_error": 8.024649287108332e-05
      },
      "xlb": {
        "divergence_rms": 0.03749360144138336,
        "kinetic_energy": 0.22540347278118134,
        "analytic_error": 0.02812817320227623
      },
      "warp_ns": {
        "divergence_rms": 0.0001164741042884998,
        "kinetic_energy": 0.2262026071548462,
        "analytic_error": 9.215301543008536e-05
      }
    },
    "100": {
      "jax_cfd": {
        "divergence_rms": 3.798126999754459e-05,
        "kinetic_energy": 0.20295479893684387,
        "analytic_error": 0.004407346714287996
      },
      "phiflow": {
        "divergence_rms": 1.9601760925525014e-07,
        "kinetic_energy": 0.2037106156349182,
        "analytic_error": 0.002377366414293647
      },
      "ins_jl": {
        "divergence_rms": 1.1066475025245381e-07,
        "kinetic_energy": 0.203730970621109,
        "analytic_error": 0.0023275481071323156
      },
      "openfoam": {
        "divergence_rms": 0.00037486269138753414,
        "kinetic_energy": 0.20466506481170654,
        "analytic_error": 0.00030191621044650674
      },
      "pict": {
        "divergence_rms": 8.649463416077197e-05,
        "kinetic_energy": 0.20471754670143127,
        "analytic_error": 0.00012213336594868451
      },
      "xlb": {
        "divergence_rms": 0.022594241425395012,
        "kinetic_energy": 0.20352934300899506,
        "analytic_error": 0.017909226939082146
      },
      "warp_ns": {
        "divergence_rms": 0.00010538320930209011,
        "kinetic_energy": 0.2046714425086975,
        "analytic_error": 9.821231651585549e-05
      }
    }
  },
  "sweep_key": "steps",
  "params": {
    "name": "vs_steps",
    "ic": {
      "name": "tgv",
      "seed": 0
    },
    "physics": {
      "nu": 0.05,
      "dt": 0.01,
      "N": 64
    },
    "sweep": {
      "key": "steps",
      "values": [
        5,
        10,
        20,
        50,
        100
      ]
    }
  },
  "tesseract_hashes": {
    "xlb": "81d9c57b12d682cf",
    "openfoam": "275fcf99e9e6b08b",
    "warp_ns": "cd30649c97b7d97c",
    "pict": "865abb1e001f278c",
    "jax_cfd": "e18927a6656a489d",
    "phiflow": "52dd73797bb340f1",
    "ins_jl": "2f476febd9b6f13d"
  },
  "harness_hash": "77dfb5d467aac2e6",
  "harness_fn": "mosaic.benchmarks.suites.forward.run_physical_laws",
  "wall_time_s": {
    "jax_cfd": 8.096057810005732,
    "phiflow": 21.39596379699651,
    "ins_jl": 21.21126654103864,
    "openfoam": 4.694798027980141,
    "pict": 6.796119789010845,
    "xlb": 2.6286699679913,
    "warp_ns": 5.55579592497088
  }
}