{
  "by_param": {
    "0.05": {
      "jax_cfd": {
        "error": null,
        "valid": false
      },
      "phiflow": {
        "error": 0.23019932210445404,
        "valid": true,
        "drag": 0.0
      },
      "ins_jl": {
        "error": null,
        "valid": false
      },
      "openfoam": {
        "error": 0.39580509066581726,
        "valid": true,
        "drag": 0.930530846118927
      },
      "pict": {
        "error": 0.3410468101501465,
        "valid": true,
        "drag": -1.6631481647491455
      },
      "xlb": {
        "error": 0.2900649905204773,
        "valid": true,
        "drag": -2.1611669063568115
      },
      "warp_ns": {
        "error": null,
        "valid": false
      }
    },
    "0.02": {
      "jax_cfd": {
        "error": null,
        "valid": false
      },
      "phiflow": {
        "error": 0.16159498691558838,
        "valid": true,
        "drag": 0.0
      },
      "ins_jl": {
        "error": null,
        "valid": false
      },
      "openfoam": {
        "error": 0.28574177622795105,
        "valid": true,
        "drag": 0.7479596734046936
      },
      "pict": {
        "error": 0.23579387366771698,
        "valid": true,
        "drag": -1.3506648540496826
      },
      "xlb": {
        "error": 0.23298616707324982,
        "valid": true,
        "drag": -1.808923602104187
      },
      "warp_ns": {
        "error": null,
        "valid": false
      }
    },
    "0.01": {
      "jax_cfd": {
        "error": null,
        "valid": false
      },
      "phiflow": {
        "error": 0.2002236545085907,
        "valid": true,
        "drag": 0.0
      },
      "ins_jl": {
        "error": null,
        "valid": false
      },
      "openfoam": {
        "error": 0.22110742330551147,
        "valid": true,
        "drag": 0.6718579530715942
      },
      "pict": {
        "error": 0.17543472349643707,
        "valid": true,
        "drag": -1.2631992101669312
      },
      "xlb": {
        "error": 0.2349349856376648,
        "valid": true,
        "drag": -1.6614080667495728
      },
      "warp_ns": {
        "error": null,
        "valid": false
      }
    },
    "0.005": {
      "jax_cfd": {
        "error": null,
        "valid": false
      },
      "phiflow": {
        "error": 0.17406748235225677,
        "valid": true,
        "drag": 0.0
      },
      "ins_jl": {
        "error": null,
        "valid": false
      },
      "openfoam": {
        "error": 0.18292136490345,
        "valid": true,
        "drag": 0.6032915115356445
      },
      "pict": {
        "error": 0.14431992173194885,
        "valid": true,
        "drag": -1.1565451622009277
      },
      "xlb": {
        "error": 0.2302071750164032,
        "valid": true,
        "drag": -1.5851242542266846
      },
      "warp_ns": {
        "error": null,
        "valid": false
      }
    }
  },
  "spread": {
    "0.05": 0.06127546355128288,
    "0.02": 0.044229816645383835,
    "0.01": 0.02246243879199028,
    "0.005": 0.03083992190659046
  },
  "sweep_key": "nu",
  "reference_label": "consensus",
  "params": {
    "ic": {
      "name": "uniform",
      "seed": 0
    },
    "physics": {
      "N": 64,
      "dt": 0.01,
      "steps": 500,
      "obstacle": {
        "shape": "cylinder",
        "center": [
          0.5,
          0.5
        ],
        "radius": 0.1
      }
    },
    "sweep": {
      "key": "nu",
      "values": [
        0.05,
        0.02,
        0.01,
        0.005
      ]
    }
  },
  "tesseract_hashes": {
    "phiflow": "dea62397bfee33d5",
    "xlb": "81d9c57b12d682cf",
    "pict": "00a23a453db1ad01",
    "warp_ns": "cde8bc732fa02ad8",
    "ins_jl": "2f476febd9b6f13d",
    "jax_cfd": "e18927a6656a489d",
    "openfoam": "275fcf99e9e6b08b"
  },
  "harness_hash": "d0aec1f76912f7fe",
  "harness_fn": "mosaic.benchmarks.suites.forward.run_agreement",
  "wall_time_s": {
    "phiflow": 159.32870902190916,
    "openfoam": 22.224906402057968,
    "pict": 1020.4119177790126,
    "xlb": 5.113969950936735
  }
}