{
  "solver_names": [
    "jax_fem",
    "fenics_heat",
    "firedrake_heat",
    "torch_fem_thermal"
  ],
  "singular_values": [
    1.0,
    3.479540871532476e-17,
    0.0,
    0.0
  ],
  "singular_values_raw": [
    109.74107360839844,
    3.818485512594588e-15,
    0.0,
    0.0
  ],
  "condition_number": 1.0974107301648186e+32,
  "effective_rank": 1.0,
  "explained_variance": [
    1.0,
    1.0,
    1.0,
    1.0
  ],
  "per_solver_spectra": {
    "jax_fem": [
      1.0
    ],
    "fenics_heat": [
      1.0
    ],
    "firedrake_heat": [
      1.0
    ],
    "torch_fem_thermal": [
      1.0
    ]
  },
  "per_solver_cond": {
    "jax_fem": 1.0,
    "fenics_heat": 1.0,
    "firedrake_heat": 1.0,
    "torch_fem_thermal": 1.0
  },
  "per_solver_eff_rank": {
    "jax_fem": 1.0,
    "fenics_heat": 1.0,
    "firedrake_heat": 1.0,
    "torch_fem_thermal": 1.0
  },
  "per_solver_grad_norm": {
    "jax_fem": 54.87053680419922,
    "fenics_heat": 54.87053680419922,
    "firedrake_heat": 54.87053680419922,
    "torch_fem_thermal": 54.87053680419922
  },
  "cross_cosine": [
    [
      1.0,
      1.0,
      1.0,
      1.0
    ],
    [
      1.0,
      1.0,
      1.0,
      1.0
    ],
    [
      1.0,
      1.0,
      1.0,
      1.0
    ],
    [
      1.0,
      1.0,
      1.0,
      1.0
    ]
  ],
  "grad_norms": {
    "jax_fem": 2739.8984375,
    "fenics_heat": 2739.8984375,
    "firedrake_heat": 2739.8984375,
    "torch_fem_thermal": 2739.8984375
  },
  "landscape": {
    "alphas": [
      -0.2,
      -0.18000000000000002,
      -0.16,
      -0.14,
      -0.12000000000000001,
      -0.1,
      -0.08000000000000002,
      -0.06,
      -0.04000000000000001,
      -0.020000000000000018,
      0.0,
      0.01999999999999999,
      0.03999999999999998,
      0.06,
      0.08000000000000002,
      0.09999999999999998,
      0.12,
      0.14,
      0.15999999999999998,
      0.18,
      0.2
    ],
    "by_solver": {
      "jax_fem": [
        1029.742431640625,
        974.8341064453125,
        923.770263671875,
        876.2689819335938,
        832.0654296875,
        790.9116821289062,
        752.5762939453125,
        716.8442993164062,
        683.516357421875,
        652.4077758789062,
        623.347900390625,
        596.1798095703125,
        570.7584838867188,
        546.950927734375,
        524.6343383789062,
        503.6961669921875,
        484.03314208984375,
        465.55010986328125,
        448.1599426269531,
        431.7825012207031,
        416.3442687988281
      ],
      "fenics_heat": [
        1029.742431640625,
        974.8341064453125,
        923.770263671875,
        876.2689819335938,
        832.0654296875,
        790.9116821289062,
        752.5762939453125,
        716.8442993164062,
        683.516357421875,
        652.4077758789062,
        623.347900390625,
        596.1798095703125,
        570.7584838867188,
        546.950927734375,
        524.6343383789062,
        503.6961669921875,
        484.03314208984375,
        465.55010986328125,
        448.1599426269531,
        431.7825012207031,
        416.3442687988281
      ],
      "firedrake_heat": [
        1029.742431640625,
        974.8341064453125,
        923.770263671875,
        876.2689819335938,
        832.0654296875,
        790.9116821289062,
        752.5762939453125,
        716.8442993164062,
        683.516357421875,
        652.4077758789062,
        623.347900390625,
        596.1798095703125,
        570.7584838867188,
        546.950927734375,
        524.6343383789062,
        503.6961669921875,
        484.03314208984375,
        465.55010986328125,
        448.1599426269531,
        431.7825012207031,
        416.3442687988281
      ],
      "torch_fem_thermal": [
        1029.742431640625,
        974.8341064453125,
        923.770263671875,
        876.2689819335938,
        832.0654296875,
        790.9116821289062,
        752.5762939453125,
        716.8442993164062,
        683.516357421875,
        652.4077758789062,
        623.347900390625,
        596.1798095703125,
        570.7584838867188,
        546.950927734375,
        524.6343383789062,
        503.6961669921875,
        484.03314208984375,
        465.55010986328125,
        448.1599426269531,
        431.7825012207031,
        416.3442687988281
      ]
    }
  },
  "params": {
    "ic": {
      "name": "random",
      "seed": 0
    },
    "physics": {
      "nx": 8,
      "ny": 4,
      "nz": 1,
      "Lx": 2.0,
      "Ly": 1.0,
      "Lz": 1.0,
      "Q_total": 1.0
    },
    "jacobian": {
      "n_alphas": 21,
      "alpha_range": 0.2
    }
  },
  "tesseract_hashes": {
    "jax_fem": "57428ff8b7480089",
    "torch_fem_thermal": "2ee93574883182d1",
    "fenics_heat": "f6f97d9e6ad8769a",
    "firedrake_heat": "2350b99b2e6d5089"
  },
  "harness_hash": "01564e71d2201117",
  "harness_fn": "mosaic.benchmarks.suites.gradient.run_jacobian_svd",
  "wall_time_s": {
    "jax_fem": 13.207356747006997,
    "fenics_heat": 19.41337908699643,
    "firedrake_heat": 17.751177664031275,
    "torch_fem_thermal": 3.6121814759681
  }
}