{
  "by_N": {
    "deal.II": {
      "4": {
        "mean": 1.4750173091888428,
        "std": 0.0015168049139901996,
        "trials_s": [
          1.4742514740000843,
          1.4771354969999493,
          1.4736650090000012
        ],
        "vram_peak_mib": null,
        "ram_peak_mib": 343.629824
      },
      "6": {
        "mean": 1.4841370582580566,
        "std": 0.0004578519437927753,
        "trials_s": [
          1.4836729319999904,
          1.4847601300000406,
          1.4839781259998972
        ],
        "vram_peak_mib": null,
        "ram_peak_mib": 369.434624
      },
      "8": {
        "mean": 1.4852150678634644,
        "std": 0.000338965532137081,
        "trials_s": [
          1.4856229670000403,
          1.4852290970000013,
          1.4847930889999361
        ],
        "vram_peak_mib": null,
        "ram_peak_mib": 369.434624
      },
      "12": {
        "mean": 1.493647813796997,
        "std": 0.0012262294767424464,
        "trials_s": [
          1.495309505000023,
          1.4932462709999754,
          1.4923874129999604
        ],
        "vram_peak_mib": null,
        "ram_peak_mib": 369.434624
      },
      "16": {
        "mean": 1.5132383108139038,
        "std": 0.006906326860189438,
        "trials_s": [
          1.5229735570000003,
          1.509052214999997,
          1.5076891439999827
        ],
        "vram_peak_mib": null,
        "ram_peak_mib": 369.434624
      }
    },
    "FEniCS": {
      "4": {
        "mean": 0.03050718456506729,
        "std": 0.0007755066617392004,
        "trials_s": [
          0.031583393000005344,
          0.03015195099999346,
          0.029786204999936672
        ],
        "vram_peak_mib": null,
        "ram_peak_mib": 369.590272
      },
      "6": {
        "mean": 0.04131975769996643,
        "std": 0.004736912436783314,
        "trials_s": [
          0.03854568899998867,
          0.03742607599997427,
          0.04798750099996596
        ],
        "vram_peak_mib": null,
        "ram_peak_mib": 369.590272
      },
      "8": {
        "mean": 0.06318674981594086,
        "std": 0.0005654915003105998,
        "trials_s": [
          0.06276076400001784,
          0.06398588299998664,
          0.06281357299997126
        ],
        "vram_peak_mib": null,
        "ram_peak_mib": 369.590272
      },
      "12": {
        "mean": 0.10010971873998642,
        "std": 0.00010240275150863454,
        "trials_s": [
          0.10015237099992191,
          0.10020824599996558,
          0.09996853600000577
        ],
        "vram_peak_mib": null,
        "ram_peak_mib": 369.590272
      },
      "16": {
        "mean": 0.15138545632362366,
        "std": 0.00069321074988693,
        "trials_s": [
          0.15236251500004983,
          0.15096628899993902,
          0.15082752899991192
        ],
        "vram_peak_mib": null,
        "ram_peak_mib": 369.590272
      }
    },
    "Firedrake": {
      "4": {
        "mean": 0.0386156365275383,
        "std": 0.0010839609894901514,
        "trials_s": [
          0.04003783600001043,
          0.037409089999982825,
          0.03839998800003741
        ],
        "vram_peak_mib": null,
        "ram_peak_mib": 369.750016
      },
      "6": {
        "mean": 0.04330926388502121,
        "std": 0.0005048890016041696,
        "trials_s": [
          0.04364881399999376,
          0.04259552100006658,
          0.04368344900001375
        ],
        "vram_peak_mib": null,
        "ram_peak_mib": 369.750016
      },
      "8": {
        "mean": 0.050718262791633606,
        "std": 0.00048255614819936454,
        "trials_s": [
          0.05074641600003815,
          0.050113679999981287,
          0.05129469299993161
        ],
        "vram_peak_mib": null,
        "ram_peak_mib": 369.750016
      },
      "12": {
        "mean": 0.07278060168027878,
        "std": 0.0007081600488163531,
        "trials_s": [
          0.07178105800005596,
          0.07322620599995844,
          0.07333451900001364
        ],
        "vram_peak_mib": null,
        "ram_peak_mib": 369.803264
      },
      "16": {
        "mean": 0.10259555280208588,
        "std": 0.00029833323787897825,
        "trials_s": [
          0.10294440300003771,
          0.10221562699996412,
          0.10262663699995755
        ],
        "vram_peak_mib": null,
        "ram_peak_mib": 369.803264
      }
    },
    "TopOpt.jl": {
      "4": {
        "mean": 0.004723347723484039,
        "std": 0.00034501857589930296,
        "trials_s": [
          0.005205602000046383,
          0.004546485999981087,
          0.004417955999997503
        ],
        "vram_peak_mib": null,
        "ram_peak_mib": 369.967104
      },
      "6": {
        "mean": 0.0057560596615076065,
        "std": 5.5151474953163415e-05,
        "trials_s": [
          0.005764748999922631,
          0.0058188409999502255,
          0.005684588999997686
        ],
        "vram_peak_mib": null,
        "ram_peak_mib": 369.967104
      },
      "8": {
        "mean": 0.006453722715377808,
        "std": 3.901654781657271e-05,
        "trials_s": [
          0.006429573999980676,
          0.006508763000056206,
          0.006422831000008955
        ],
        "vram_peak_mib": null,
        "ram_peak_mib": 369.967104
      },
      "12": {
        "mean": 0.01707170531153679,
        "std": 0.013712504878640175,
        "trials_s": [
          0.03646092100007081,
          0.0076818300000240924,
          0.007072359000062534
        ],
        "vram_peak_mib": null,
        "ram_peak_mib": 369.967104
      },
      "16": {
        "mean": 0.011376913636922836,
        "std": 0.002702131634578109,
        "trials_s": [
          0.015189694000014242,
          0.009692567000001873,
          0.009248479999996562
        ],
        "vram_peak_mib": null,
        "ram_peak_mib": 369.967104
      }
    },
    "JAX-FEM": {
      "4": {
        "mean": 0.05419946834445,
        "std": 0.0011730071855708957,
        "trials_s": [
          0.05584080400001312,
          0.05358716899999649,
          0.0531704220000222
        ],
        "vram_peak_mib": 0.0,
        "ram_peak_mib": 358.907904
      },
      "6": {
        "mean": 0.058749668300151825,
        "std": 0.0005521250423043966,
        "trials_s": [
          0.059530156000022316,
          0.05837910699997906,
          0.058339732000007416
        ],
        "vram_peak_mib": 0.0,
        "ram_peak_mib": 384.7168
      },
      "8": {
        "mean": 0.06198672577738762,
        "std": 0.00034561005304567516,
        "trials_s": [
          0.0618634639999982,
          0.06245795499998508,
          0.061638749999985976
        ],
        "vram_peak_mib": 0.0,
        "ram_peak_mib": 384.7168
      },
      "12": {
        "mean": 0.0717604011297226,
        "std": 0.0006012745434418321,
        "trials_s": [
          0.07260774799999581,
          0.07139833499999781,
          0.07127511800001685
        ],
        "vram_peak_mib": 0.0,
        "ram_peak_mib": 384.7168
      },
      "16": {
        "mean": 0.09028445184230804,
        "std": 0.0006303222035057843,
        "trials_s": [
          0.09093716399999607,
          0.09048383699999363,
          0.08943232000001444
        ],
        "vram_peak_mib": 0.0,
        "ram_peak_mib": 384.7168
      }
    }
  },
  "hardware": {
    "gpus": [
      "Tesla T4, 16384 MiB"
    ],
    "cpu": "AMD EPYC 7V12 64-Core Processor",
    "ram_gb": 29.4
  },
  "params": {
    "physics": {
      "Lx": 2.0,
      "Ly": 1.0,
      "Lz": 1.0,
      "F_total": 1.0,
      "rho_0": 0.5,
      "corner_load": false,
      "steps": 1,
      "nx": 4
    },
    "cost": {
      "n_trials": 3
    },
    "sweep": {
      "key": "nx",
      "values": [
        4,
        6,
        8,
        12,
        16
      ]
    }
  },
  "_isolation_note": "Wall-clock times measured on dedicated per-suite VM in CI. Relative rankings reliable; absolute times may vary \u00b110-15% across runs.",