{
  "by_solver": {
    "FEniCS": {
      "ic_scale": 0.5125885009765625,
      "vjp_arr": [
        -258.9679260253906,
        363.0014343261719,
        -84.45613861083984,
        620.703125,
        758.8086547851562,
        -557.94775390625
      ],
      "eps_sweep": {
        "1.0": {
          "rel_error": [
            0.09552807900105835,
            0.2120578261721212,
            0.1019800204790767,
            0.03571027614854552,
            0.2720413478270187,
            0.16724044721299194
          ],
          "cosine": 0.9819305730504966,
          "fd_arr": [
            -234.22921752929688,
            460.6955261230469,
            -75.84329986572266,
            643.689453125,
            1042.3787841796875,
            -464.6363220214844
          ]
        },
        "0.1": {
          "rel_error": [
            0.0010839206534257397,
            0.0026525877277822512,
            0.0013447354906373943,
            0.0010367230201036252,
            0.0038383923366766223,
            0.0009325688711683179
          ],
          "cosine": 0.9999980794346038,
          "fd_arr": [
            -258.6872253417969,
            363.9668884277344,
            -84.34256744384766,
            621.3472900390625,
            761.7324829101562,
            -557.4274291992188
          ]
        },
        "0.01": {
          "rel_error": [
            1.2609209601712779e-05,
            2.404347935375499e-05,
            4.760685231532358e-05,
            3.834959093769666e-06,
            3.6918533103618014e-05,
            7.438672520756084e-06
          ],
          "cosine": 0.9999999997785062,
          "fd_arr": [
            -258.96466064453125,
            363.0101623535156,
            -84.45211791992188,
            620.7007446289062,
            758.836669921875,
            -557.943603515625
          ]
        },
        "0.001": {
          "rel_error": [
            5.644364944133749e-05,
            0.0001388645703104018,
            0.0018098734082305653,
            3.461176611256375e-05,
            0.000131092683250883,
            6.071269483852392e-05
          ],
          "cosine": 0.9999999887067423,
          "fd_arr": [
            -258.9825439453125,
            363.0518493652344,
            -84.30328369140625,
            620.724609375,
            758.9081420898438,
            -557.9138793945312
          ]
        },
        "0.0001": {
          "rel_error": [
            5.644364944133749e-05,
            0.0037331015405964217,
            0.014883665548820316,
            0.0005409258967904343,
            0.0004181037474820671,
            0.001234491461716653
          ],
          "cosine": 0.9999986023414364,
          "fd_arr": [
            -258.9825439453125,
            364.36163330078125,
            -85.73214721679688,
            620.3673706054688,
            758.4913940429688,
            -557.2589721679688
          ]
        }
      },
      "ram_peak_mib": 429.203456
    },
    "Firedrake": {
      "ic_scale": 0.5125885009765625,
      "vjp_arr": [
        -258.9679260253906,
        363.0014343261719,
        -84.45613861083984,
        620.703125,
        758.8086547851562,
        -557.94775390625
      ],
      "eps_sweep": {
        "1.0": {
          "rel_error": [
            0.09552807900105835,
            0.2120578261721212,
            0.1019800204790767,
            0.03571027614854552,
            0.2720413478270187,
            0.16724044721299194
          ],
          "cosine": 0.9819305730504966,
          "fd_arr": [
            -234.22921752929688,
            460.6955261230469,
            -75.84329986572266,
            643.689453125,
            1042.3787841796875,
            -464.6363220214844
          ]
        },
        "0.1": {
          "rel_error": [
            0.0010839206534257397,
            0.0026525877277822512,
            0.0013447354906373943,
            0.0010367230201036252,
            0.0038383923366766223,
            0.0009325688711683179
          ],
          "cosine": 0.9999980794346038,
          "fd_arr": [
            -258.6872253417969,
            363.9668884277344,
            -84.34256744384766,
            621.3472900390625,
            761.7324829101562,
            -557.4274291992188
          ]
        },
        "0.01": {
          "rel_error": [
            1.2609209601712779e-05,
            2.404347935375499e-05,
            4.760685231532358e-05,
            3.834959093769666e-06,
            3.6918533103618014e-05,
            7.438672520756084e-06
          ],
          "cosine": 0.9999999997785062,
          "fd_arr": [
            -258.96466064453125,
            363.0101623535156,
            -84.45211791992188,
            620.7007446289062,
            758.836669921875,
            -557.943603515625
          ]
        },
        "0.001": {
          "rel_error": [
            5.644364944133749e-05,
            0.0001388645703104018,
            0.0018098734082305653,
            3.461176611256375e-05,
            0.000131092683250883,
            6.071269483852392e-05
          ],
          "cosine": 0.9999999887067423,
          "fd_arr": [
            -258.9825439453125,
            363.0518493652344,
            -84.30328369140625,
            620.724609375,
            758.9081420898438,
            -557.9138793945312
          ]
        },
        "0.0001": {
          "rel_error": [
            5.644364944133749e-05,
            0.0037331015405964217,
            0.014883665548820316,
            0.0005409258967904343,
            0.0004181037474820671,
            0.001234491461716653
          ],
          "cosine": 0.9999986023414364,
          "fd_arr": [
            -258.9825439453125,
            364.36163330078125,
            -85.73214721679688,
            620.3673706054688,
            758.4913940429688,
            -557.2589721679688
          ]
        }
      },
      "ram_peak_mib": 430.829568
    },
    "JAX-FEM": {
      "ic_scale": 0.5125885009765625,
      "vjp_arr": [
        -258.9679260253906,
        363.0014343261719,
        -84.45613861083984,
        620.703125,
        758.8086547851562,
        -557.94775390625
      ],
      "eps_sweep": {
        "1.0": {
          "rel_error": [
            0.09767600482732394,
            0.21374319741043848,
            0.10362114701799982,
            0.03556295228731833,
            0.27203913133651264,
            0.16723990025177718
          ],
          "cosine": 0.9818893304386589,
          "fd_arr": [
            -233.6729736328125,
            461.68304443359375,
            -75.70469665527344,
            643.5911254882812,
            1042.3756103515625,
            -464.6366271972656
          ]
        },
        "0.1": {
          "rel_error": [
            0.0010839206534257397,
            0.0026525877277822512,
            0.0013447354906373943,
            0.0010367230201036252,
            0.0038383923366766223,
            0.0009325688711683179
          ],
          "cosine": 0.9999980794346038,
          "fd_arr": [
            -258.6872253417969,
            363.9668884277344,
            -84.34256744384766,
            621.3472900390625,
            761.7324829101562,
            -557.4274291992188
          ]
        },
        "0.01": {
          "rel_error": [
            1.2609209601712779e-05,
            2.404347935375499e-05,
            4.760685231532358e-05,
            3.834959093769666e-06,
            3.6918533103618014e-05,
            7.438672520756084e-06
          ],
          "cosine": 0.9999999997785062,
          "fd_arr": [
            -258.96466064453125,
            363.0101623535156,
            -84.45211791992188,
            620.7007446289062,
            758.836669921875,
            -557.943603515625
          ]
        },