{
  "by_param": {
    "0.001": {
      "jax_cfd": {
        "error": 1.03253972530365,
        "valid": true
      },
      "phiflow": {
        "error": 1.0325430631637573,
        "valid": true
      },
      "ins_jl": {
        "error": 1.0325603485107422,
        "valid": true
      },
      "openfoam": {
        "error": 1.032698392868042,
        "valid": true
      },
      "pict": {
        "error": 1.0327173471450806,
        "valid": true
      },
      "xlb": {
        "error": 1.0325523614883423,
        "valid": true
      },
      "warp_ns": {
        "error": 1.0327013731002808,
        "valid": true
      }
    },
    "0.005": {
      "jax_cfd": {
        "error": 1.0320035219192505,
        "valid": true
      },
      "phiflow": {
        "error": 1.0320051908493042,
        "valid": true
      },
      "ins_jl": {
        "error": 1.032022476196289,
        "valid": true
      },
      "openfoam": {
        "error": 1.0321617126464844,
        "valid": true
      },
      "pict": {
        "error": 1.0321733951568604,
        "valid": true
      },
      "xlb": {
        "error": 1.0319997072219849,
        "valid": true
      },
      "warp_ns": {
        "error": 1.0321578979492188,
        "valid": true
      }
    },
    "0.01": {
      "jax_cfd": {
        "error": 1.031374454498291,
        "valid": true
      },
      "phiflow": {
        "error": 1.031373381614685,
        "valid": true
      },
      "ins_jl": {
        "error": 1.0313917398452759,
        "valid": true
      },
      "openfoam": {
        "error": 1.0315299034118652,
        "valid": true
      },
      "pict": {
        "error": 1.0315371751785278,
        "valid": true
      },
      "xlb": {
        "error": 1.0313642024993896,
        "valid": true
      },
      "warp_ns": {
        "error": 1.0315195322036743,
        "valid": true
      }
    },
    "0.02": {
      "jax_cfd": {
        "error": 1.0302400588989258,
        "valid": true
      },
      "phiflow": {
        "error": 1.0302302837371826,
        "valid": true
      },
      "ins_jl": {
        "error": 1.0302554368972778,
        "valid": true
      },
      "openfoam": {
        "error": 1.0303926467895508,
        "valid": true
      },
      "pict": {
        "error": 1.0303939580917358,
        "valid": true
      },
      "xlb": {
        "error": 1.030221700668335,
        "valid": true
      },
      "warp_ns": {
        "error": 1.030365228652954,
        "valid": true
      }
    },
    "0.05": {
      "jax_cfd": {
        "error": 1.0276103019714355,
        "valid": true
      },
      "phiflow": {
        "error": 1.027566909790039,
        "valid": true
      },
      "ins_jl": {
        "error": 1.0276265144348145,
        "valid": true
      },
      "openfoam": {
        "error": 1.0277774333953857,
        "valid": true
      },
      "pict": {
        "error": 1.0277678966522217,
        "valid": true
      },
      "xlb": {
        "error": 1.0275862216949463,
        "valid": true
      },
      "warp_ns": {
        "error": 1.0276782512664795,
        "valid": true
      }
    }
  },
  "spread": {
    "0.001": 7.804112101439387e-05,
    "0.005": 7.790358358761296e-05,
    "0.01": 7.61991468607448e-05,
    "0.02": 7.390748214675114e-05,
    "0.05": 7.879421173129231e-05
  },
  "sweep_key": "nu",
  "reference_label": "analytic",
  "params": {
    "ic": {
      "name": "multimode",
      "seed": 42
    },
    "physics": {
      "N": 64,
      "dt": 0.05,
      "steps": 20
    },
    "sweep": {
      "key": "nu",
      "values": [
        0.001,
        0.005,
        0.01,
        0.02,
        0.05
      ]
    },
    "fine": {
      "solvers": [
        "jax_cfd"
      ],
      "dt": 0.01,
      "steps": 100
    }
  },
  "tesseract_hashes": {
    "phiflow": "09823ad72fe29cc4",
    "xlb": "81d9c57b12d682cf",
    "pict": "22f97a934601d8e2",
    "warp_ns": "1231605635780d11",
    "ins_jl": "2f476febd9b6f13d",
    "jax_cfd": "743d436b1396a1bd",
    "openfoam": "9c0d8de654862fda"
  },
  "harness_hash": "a9e7977ebeef4a9d",
  "harness_fn": "mosaic.benchmarks.suites.forward.run_agreement",
  "wall_time_s": {
    "jax_cfd": 8.620041285990737,
    "phiflow": 21.5299223420443,
    "ins_jl": 20.493360587977804,
    "openfoam": 4.258593280101195,
    "pict": 4.230884367949329,
    "xlb": 3.6876479809870943,
    "warp_ns": 5.148681579972617
  }
}