{
  "by_solver": {
    "phiflow": {
      "drags": [
        -0.0001530681474832818,
        -0.0001528614229755476,
        -0.0001530134177301079,
        -0.00015316005737986416,
        -0.0001532205060357228,
        -0.00015320032252930105,
        -0.0001531369925942272,
        -0.00015305991109926254,
        -0.0001529932487756014,
        -0.00015295823686756194,
        -0.00015295956109184772,
        -0.00015298994549084455
      ],
      "flow_rates": [
        0.5004997849464417,
        0.5001311898231506,
        0.4997761845588684,
        0.49962982535362244,
        0.4996791481971741,
        0.4998311996459961,
        0.5000179409980774,
        0.5001783967018127,
        0.5002634525299072,
        0.5002598166465759,
        0.5001857280731201,
        0.5000712871551514
      ],
      "initial_drag": -0.0001530681474832818,
      "final_drag": -0.00015298994549084455,
      "drag_reduction_pct": 0.05108965759566976,
      "n_iters": 12,
      "converged": true,
      "grad_norms": [
        0.00012983997294213623,
        0.01236799918115139,
        0.003153195371851325,
        0.005722156260162592,
        0.009381117299199104,
        0.00814804993569851,
        0.004346798174083233,
        0.00032309372909367085,
        0.004333334509283304,
        0.00645970506593585,
        0.006368808448314667,
        0.004516615532338619
      ]
    },
    "pict": {
      "drags": [
        -0.035378873348236084,
        -0.03536176681518555,
        -0.035368047654628754,
        -0.03536919504404068,
        -0.03536628559231758,
        -0.03535706549882889,
        -0.035347647964954376,
        -0.03534337878227234,
        -0.03534054383635521,
        -0.03533858805894852,
        -0.03533334657549858,
        -0.0353313572704792,
        -0.03532206267118454,
        -0.03531534969806671,
        -0.03531171381473541,
        -0.035306960344314575,
        -0.03530120477080345,
        -0.035302966833114624,
        -0.03529391437768936,
        -0.035289935767650604,
        -0.0352858230471611,
        -0.035277485847473145,
        -0.035276859998703,
        -0.035266630351543427,
        -0.03526626154780388,
        -0.03525884449481964,
        -0.03525993227958679,
        -0.035252925008535385,
        -0.035246625542640686,
        -0.03524147719144821,
        -0.035236187279224396,
        -0.035231851041316986,
        -0.03522678464651108,
        -0.03522316366434097,
        -0.03521572798490524,
        -0.03521661087870598,
        -0.03520404174923897,
        -0.03519934415817261,
        -0.035194672644138336,
        -0.035192638635635376,
        -0.03518807888031006,
        -0.03518405184149742,
        -0.03518124297261238,
        -0.035175979137420654,
        -0.03516888618469238,
        -0.035163477063179016,
        -0.035160452127456665,
        -0.035155877470970154,
        -0.035149332135915756,
        -0.035143643617630005
      ],
      "flow_rates": [
        0.49987512826919556,
        0.4999827444553375,
        0.5000488758087158,
        0.5000301003456116,
        0.4999752938747406,
        0.4999341070652008,
        0.4999297857284546,
        0.4999551773071289,
        0.49998998641967773,
        0.5000127553939819,
        0.5000123977661133,
        0.4999932050704956,
        0.4999687373638153,
        0.4999530017375946,
        0.4999535083770752,
        0.49996745586395264,
        0.49998578429222107,
        0.4999983012676239,
        0.4999988079071045,
        0.4999886453151703,
        0.49997448921203613,
        0.49996474385261536,
        0.49996429681777954,
        0.4999721944332123,
        0.4999832212924957,
        0.4999910891056061,
        0.49999141693115234,
        0.49998509883880615,
        0.4999764859676361,
        0.4999706745147705,
        0.499970942735672,
        0.49997642636299133,
        0.49998345971107483,
        0.4999876022338867,
        0.4999868869781494,
        0.49998220801353455,
        0.49997684359550476,
        0.4999741315841675,
        0.4999755322933197,
        0.4999798536300659,
        0.4999840259552002,
        0.4999854564666748,
        0.49998363852500916,
        0.49998006224632263,
        0.49997732043266296,
        0.4999770522117615,
        0.49997925758361816,
        0.49998223781585693,
        0.4999840557575226,
        0.499983549118042
      ],
      "initial_drag": -0.035378873348236084,
      "final_drag": -0.035143643617630005,
      "drag_reduction_pct": 0.664887568042941,
      "n_iters": 50,
      "converged": false,
      "grad_norms": [
        0.003537367098033428,
        0.004005402326583862,
        0.003439253196120262,
        0.00404985761269927,
        0.0038137962110340595,
        0.003412735415622592,
        0.0034564209636300802,
        0.0034785536117851734,
        0.00339460838586092,
        0.003468488110229373,
        0.0036301868967711926,
        0.0036277209874242544,
        0.0034838502760976553,
        0.00339522841386497,
        0.0033964074682444334,
        0.0033949334174394608,
        0.003392900573089719,
        0.0034433933906257153,
        0.003510736860334873,
        0.003513956908136606,
        0.0034543301444500685,
        0.0034029274247586727,
        0.003387678414583206,
        0.0033878013491630554,
        0.00339752109721303,
        0.0034283509012311697,
        0.003464131848886609,
        0.003464394249022007,
        0.0034339469857513905,
        0.0034047774970531464,
        0.0033920975401997566,
        0.003391917562112212,
        0.0034028440713882446,
        0.003425837028771639,
        0.003442091168835759,
        0.0034383295569568872,
        0.0034194441977888346,
        0.0034019548911601305,
        0.003395053558051586,
        0.0033980323933064938,
        0.0034093998838216066,
        0.0034241194371134043,
        0.0034291031770408154,
        0.0034206309355795383,
        0.0034085153602063656,
        0.0034000964369624853,
        0.0033983364701271057,
        0.0034047113731503487,
        0.0034132697619497776,
        0.0034201990347355604
      ]
    },
    "xlb": {
      "drags": [
        -0.10439636558294296,
        -0.10412968695163727,
        -0.10386376082897186,
        -0.1035989448428154,
        -0.10333579033613205,
        -0.10307484865188599,
        -0.10281670838594437,
        -0.10256204009056091,
        -0.10231156647205353,
        -0.10206609219312668,
        -0.10182636976242065,
        -0.10159330070018768,
        -0.10136773437261581,
        -0.10115057975053787,
        -0.1009426862001419,
        -0.10074489563703537,
        -0.10055799037218094,
        -0.10038264840841293,
        -0.1002194955945015,
        -0.10006894916296005,
        -0.09993133693933487,
        -0.0998067781329155,
        -0.09969524294137955,
        -0.09959656000137329,
        -0.0995103120803833,
        -0.09943603724241257,
        -0.09937303513288498,
        -0.09932054579257965,
        -0.09927769750356674,
        -0.09924352169036865,
        -0.09921698272228241,
        -0.09919703751802444,
        -0.0991825982928276,
        -0.09917255491018295,
        -0.09916583448648453,
        -0.09916139394044876,
        -0.09915818274021149,
        -0.0991552546620369,
        -0.09915173798799515,
        -0.0991467610001564,
        -0.09913963824510574,
        -0.09912971407175064,
        -0.09911644458770752,
        -0.09909944236278534,
        -0.09907832741737366,
        -0.09905289858579636,
        -0.09902304410934448,
        -0.09898874163627625,
        -0.0989500880241394,
        -0.09890718758106232
      ],