{
  "by_param": {
    "0.001": {
      "exponax": {
        "divergence_rms": 0.0003283250262029469,
        "kinetic_energy": 0.12484913319349289,
        "analytic_error": 0.049926310777664185
      },
      "phiflow": {
        "divergence_rms": 0.00035386913805268705,
        "kinetic_energy": 0.11554525792598724,
        "analytic_error": 0.05771039053797722
      },
      "xlb": {
        "divergence_rms": 0.004088277462869883,
        "kinetic_energy": 0.11477377265691757,
        "analytic_error": 0.06114397197961807
      },
      "ins_jl": {
        "divergence_rms": 0.00033907100441865623,
        "kinetic_energy": 0.1155015379190445,
        "analytic_error": 0.05718694254755974
      },
      "warp_ns": {
        "divergence_rms": 0.000919856654945761,
        "kinetic_energy": 0.12486652284860611,
        "analytic_error": 0.048699017614126205
      },
      "openfoam": {
        "divergence_rms": 0.012093334458768368,
        "kinetic_energy": 0.12467937171459198,
        "analytic_error": 0.04838446527719498
      },
      "pict": {
        "divergence_rms": 0.0008834886248223484,
        "kinetic_energy": 0.12481377273797989,
        "analytic_error": 0.046804994344711304
      }
    },
    "0.01": {
      "exponax": {
        "divergence_rms": 0.0003221305669285357,
        "kinetic_energy": 0.12350624799728394,
        "analytic_error": 0.04956355690956116
      },
      "phiflow": {
        "divergence_rms": 0.00034759388654492795,
        "kinetic_energy": 0.11431833356618881,
        "analytic_error": 0.05858205258846283
      },
      "xlb": {
        "divergence_rms": 0.004031410440802574,
        "kinetic_energy": 0.11351068317890167,
        "analytic_error": 0.062131330370903015
      },
      "ins_jl": {
        "divergence_rms": 0.0003330994804855436,
        "kinetic_energy": 0.11427576839923859,
        "analytic_error": 0.05808207765221596
      },
      "warp_ns": {
        "divergence_rms": 0.0009105872013606131,
        "kinetic_energy": 0.12354019284248352,
        "analytic_error": 0.04839034378528595
      },
      "openfoam": {
        "divergence_rms": 0.011694624088704586,
        "kinetic_energy": 0.1233588457107544,
        "analytic_error": 0.04799593612551689
      },
      "pict": {
        "divergence_rms": 0.000871325726620853,
        "kinetic_energy": 0.1234915629029274,
        "analytic_error": 0.04647530987858772
      }
    },
    "0.05": {
      "exponax": {
        "divergence_rms": 0.0002962142461910844,
        "kinetic_energy": 0.11771055310964584,
        "analytic_error": 0.048805247992277145
      },
      "phiflow": {
        "divergence_rms": 0.0003209789574611932,
        "kinetic_energy": 0.1090172827243805,
        "analytic_error": 0.06287399679422379
      },
      "xlb": {
        "divergence_rms": 0.003848401829600334,
        "kinetic_energy": 0.10811111330986023,
        "analytic_error": 0.06684479117393494
      },
      "ins_jl": {
        "divergence_rms": 0.0003078145382460207,
        "kinetic_energy": 0.10898300260305405,
        "analytic_error": 0.062457647174596786
      },
      "warp_ns": {
        "divergence_rms": 0.0008704817155376077,
        "kinetic_energy": 0.11781045794487,
        "analytic_error": 0.047816503793001175
      },
      "openfoam": {
        "divergence_rms": 0.01010345108807087,
        "kinetic_energy": 0.11766106635332108,
        "analytic_error": 0.047124795615673065
      },
      "pict": {
        "divergence_rms": 0.0008193901157937944,
        "kinetic_energy": 0.11777587234973907,
        "analytic_error": 0.04584399238228798
      }
    },
    "0.1": {
      "exponax": {
        "divergence_rms": 0.0002667246153578162,
        "kinetic_energy": 0.11084811389446259,
        "analytic_error": 0.049808569252491
      },
      "phiflow": {
        "divergence_rms": 0.0002904971188399941,
        "kinetic_energy": 0.10272767394781113,
        "analytic_error": 0.06902829557657242
      },
      "xlb": {
        "divergence_rms": 0.0036553479731082916,
        "kinetic_energy": 0.10175084322690964,
        "analytic_error": 0.07347302883863449
      },
      "ins_jl": {
        "divergence_rms": 0.00027891056379303336,
        "kinetic_energy": 0.10271109640598297,
        "analytic_error": 0.06866469234228134
      },
      "warp_ns": {
        "divergence_rms": 0.0008227753569371998,
        "kinetic_energy": 0.11101280152797699,
        "analytic_error": 0.04893001168966293
      },
      "openfoam": {
        "divergence_rms": 0.008467664942145348,
        "kinetic_energy": 0.11091563105583191,
        "analytic_error": 0.047964200377464294
      },
      "pict": {
        "divergence_rms": 0.00075919070513919,
        "kinetic_energy": 0.11101242154836655,
        "analytic_error": 0.04694030061364174
      }
    }
  },
  "sweep_key": "nu",
  "params": {
    "name": "vs_nu",
    "ic": {
      "name": "tgv3d",
      "seed": 0
    },
    "physics": {
      "dt": 0.01,
      "steps": 20,
      "N": 16,
      "lbm_N_base": 16
    },
    "sweep": {
      "key": "nu",
      "values": [
        0.001,
        0.01,
        0.05,
        0.1
      ]
    }
  },
  "tesseract_hashes": {
    "exponax": "b7bb6f8abd162875",
    "xlb": "81d9c57b12d682cf",
    "pict": "865abb1e001f278c",
    "openfoam": "275fcf99e9e6b08b",
    "warp_ns": "cd30649c97b7d97c",
    "phiflow": "52dd73797bb340f1",
    "ins_jl": "2f476febd9b6f13d"
  },
  "harness_hash": "77dfb5d467aac2e6",
  "harness_fn": "mosaic.benchmarks.suites.forward.run_physical_laws",
  "wall_time_s": {
    "exponax": 6.460209652897902,
    "phiflow": 27.482793723000214,
    "xlb": 3.9502063940744847,
    "ins_jl": 25.233397400006652,
    "warp_ns": 5.037194218952209,
    "openfoam": 3.331561074941419,
    "pict": 3.620476125041023
  },
  "spread": {}
}