{
  "by_N": {
    "FEniCS": {
      "4": {
        "mean": 0.14513961970806122,
        "std": 0.00104751146864146,
        "trials_s": [
          0.14661148300001514,
          0.14454898900009994,
          0.1442583640000521
        ],
        "vram_peak_mib": null,
        "ram_peak_mib": 372.064256,
        "grad_norm": 4.5389620936475694e-05
      },
      "6": {
        "mean": 0.22635555267333984,
        "std": 0.00035702038439922035,
        "trials_s": [
          0.2262403600000198,
          0.2268388820000382,
          0.2259874360000822
        ],
        "vram_peak_mib": null,
        "ram_peak_mib": 373.69856,
        "grad_norm": 4.010218981420621e-05
      },
      "8": {
        "mean": 0.26082301139831543,
        "std": 0.00048620422603562474,
        "trials_s": [
          0.2613037300000087,
          0.2610084760000291,
          0.2601568910000651
        ],
        "vram_peak_mib": null,
        "ram_peak_mib": 382.251008,
        "grad_norm": 3.393672886886634e-05
      },
      "12": {
        "mean": 0.36709409952163696,
        "std": 0.0012996853329241276,
        "trials_s": [
          0.36547152399998595,
          0.36865319099990757,
          0.3671575739999753
        ],
        "vram_peak_mib": null,
        "ram_peak_mib": 386.62144,
        "grad_norm": 2.4926697733462788e-05
      },
      "16": {
        "mean": 0.5010520815849304,
        "std": 0.0012198189506307244,
        "trials_s": [
          0.49934297400000105,
          0.5021096890000081,
          0.5017034270000522
        ],
        "vram_peak_mib": null,
        "ram_peak_mib": 388.517888,
        "grad_norm": 1.9410061213420704e-05
      }
    },
    "Firedrake": {
      "4": {
        "mean": 0.13367611169815063,
        "std": 0.0025355741381645203,
        "trials_s": [
          0.1372517309999921,
          0.13212252899995747,
          0.13165405200004443
        ],
        "vram_peak_mib": null,
        "ram_peak_mib": 390.51264,
        "grad_norm": 4.5389620936475694e-05
      },
      "6": {
        "mean": 0.14404955506324768,
        "std": 8.349647396244109e-05,
        "trials_s": [
          0.14399061700009952,
          0.1439903980000281,
          0.1441676389999884
        ],
        "vram_peak_mib": null,
        "ram_peak_mib": 390.51264,
        "grad_norm": 4.010218981420621e-05
      },
      "8": {
        "mean": 0.16451847553253174,
        "std": 0.0034984946250915527,
        "trials_s": [
          0.1694527479999124,
          0.16173671000001377,
          0.16236599000001206
        ],
        "vram_peak_mib": null,
        "ram_peak_mib": 390.557696,
        "grad_norm": 3.393672886886634e-05
      },
      "12": {
        "mean": 0.21329227089881897,
        "std": 0.0009220471838489175,
        "trials_s": [
          0.21241423799995118,
          0.2128963620000377,
          0.2145661710000013
        ],
        "vram_peak_mib": null,
        "ram_peak_mib": 390.664192,
        "grad_norm": 2.4926697733462788e-05
      },
      "16": {
        "mean": 0.28556573390960693,
        "std": 0.00027905614115297794,
        "trials_s": [
          0.28529843800004073,
          0.285950818999936,
          0.28544789700004003
        ],
        "vram_peak_mib": null,
        "ram_peak_mib": 390.770688,
        "grad_norm": 1.9410061213420704e-05
      }
    },
    "TopOpt.jl": {
      "4": {
        "mean": 0.021994037553668022,
        "std": 0.0009762321715243161,
        "trials_s": [
          0.023374336999950174,
          0.02132883500007665,
          0.02127894099999139
        ],
        "vram_peak_mib": null,
        "ram_peak_mib": 390.950912,
        "grad_norm": 4.5611941459355876e-05
      },
      "6": {
        "mean": 0.027326008304953575,
        "std": 0.00031437244615517557,
        "trials_s": [
          0.02745310900002096,
          0.026893500999904063,
          0.027631413999984034
        ],
        "vram_peak_mib": null,
        "ram_peak_mib": 390.950912,
        "grad_norm": 4.0333539800485596e-05
      },
      "8": {
        "mean": 0.03660477697849274,
        "std": 0.018489213660359383,
        "trials_s": [
          0.02374778699993385,
          0.06275127900005373,
          0.02331525599993256
        ],
        "vram_peak_mib": null,
        "ram_peak_mib": 390.950912,
        "grad_norm": 3.4138254704885185e-05
      },
      "12": {
        "mean": 0.031228085979819298,
        "std": 0.004366348963230848,
        "trials_s": [
          0.02892472700000326,
          0.03734145800001443,
          0.02741806500000621
        ],
        "vram_peak_mib": null,
        "ram_peak_mib": 390.975488,
        "grad_norm": 2.5071303753065877e-05
      },
      "16": {
        "mean": 0.03307509422302246,
        "std": 0.0002900973195210099,
        "trials_s": [
          0.032673079999995025,
          0.033205227999928866,
          0.03334697299999334
        ],
        "vram_peak_mib": null,
        "ram_peak_mib": 391.073792,
        "grad_norm": 1.951781268871855e-05
      }
    },
    "JAX-FEM": {
      "4": {
        "mean": 0.2199769914150238,
        "std": 0.0011351762805134058,
        "trials_s": [
          0.22158230599998774,
          0.21918631800002686,
          0.21916233100000682
        ],
        "vram_peak_mib": 0.0,
        "ram_peak_mib": 386.625536,
        "grad_norm": 4.5389620936475694e-05
      },
      "6": {
        "mean": 0.242428719997406,
        "std": 0.00032725301571190357,
        "trials_s": [
          0.24244757900001446,
          0.2428197679999755,
          0.2420188289999885
        ],
        "vram_peak_mib": 0.0,
        "ram_peak_mib": 388.149248,
        "grad_norm": 4.010218981420621e-05
      },
      "8": {
        "mean": 0.2490871250629425,
        "std": 0.0007891238783486187,
        "trials_s": [
          0.2501646319999793,
          0.2487999110000203,
          0.24829677599998945
        ],
        "vram_peak_mib": 0.0,
        "ram_peak_mib": 395.350016,
        "grad_norm": 3.393672886886634e-05
      },
      "12": {
        "mean": 0.2796083688735962,
        "std": 0.0012721240054816008,
        "trials_s": [
          0.28137500399998316,
          0.27843060499998273,
          0.27901944399999934
        ],
        "vram_peak_mib": 0.0,
        "ram_peak_mib": 398.1312,
        "grad_norm": 2.4926697733462788e-05
      },
      "16": {
        "mean": 0.32867783308029175,
        "std": 0.0008354955352842808,
        "trials_s": [
          0.3298399740000093,
          0.3282813659999988,
          0.32791205099999843
        ],
        "vram_peak_mib": 0.0,
        "ram_peak_mib": 399.978496,
        "grad_norm": 1.9410061213420704e-05
      }
    }
  },
  "hardware": {
    "gpus": [
      "Tesla T4, 16384 MiB"
    ],
    "cpu": "AMD EPYC 7V12 64-Core Processor",
    "ram_gb": 29.4
  },
  "params": {
    "name": "by_N",
    "physics": {
      "Lx": 2.0,
      "Ly": 1.0,
      "Lz": 1.0,
      "F_total": 1.0,
      "rho_0": 0.5,
      "corner_load": false,
      "steps": 1,
      "nx": 4
    },
    "cost": {
      "n_trials": 3
    },
    "sweep": {
      "key": "nx",
      "values": [
        4,
        6,
        8,
        12,
        16
      ]
    }
  },
  "_isolation_note": "Wall-clock times measured on dedicated per-suite VM in CI. Relative rankings reliable; absolute times may vary \u00b110-15% across runs.",
  "coords": {
    "variant": "by_N"
  },
  "tesseract_hashes": {
    "FEniCS": "f6d5432442bb2ceb",
    "TopOpt.jl": "85d4a500d6517488",
    "Firedrake": "1a592c44c7545035",
    "JAX-FEM": "fea3625aed005089"
  },
  "harness_hash": "b541a3273d092ce7",
  "harness_fn": "mosaic.benchmarks.problems.shared.cost.vjp_cost",
  "wall_time_s": {
    "FEniCS": 27.403104920000033,
    "Firedrake": 29.741508347000035,
    "TopOpt.jl": 20.174399251999944,
    "JAX-FEM": 37.677179631
  },
  "environment": {
    "python_version": "3.12.3",