{
  "by_param": {
    "5": {
      "exponax": {
        "divergence_rms": 1.991363569686655e-05,
        "kinetic_energy": 0.12313858419656754,
        "analytic_error": 0.012609736062586308
      },
      "phiflow": {
        "divergence_rms": 1.8088967408402823e-05,
        "kinetic_energy": 0.1139674261212349,
        "analytic_error": 0.04175950214266777
      },
      "xlb": {
        "divergence_rms": 0.007584033068269491,
        "kinetic_energy": 0.11095435172319412,
        "analytic_error": 0.0550123006105423
      },
      "ins_jl": {
        "divergence_rms": 2.06323602469638e-05,
        "kinetic_energy": 0.11396395415067673,
        "analytic_error": 0.04172151908278465
      },
      "warp_ns": {
        "divergence_rms": 0.0009109010570682585,
        "kinetic_energy": 0.12316150963306427,
        "analytic_error": 0.012364446185529232
      },
      "openfoam": {
        "divergence_rms": 0.003305587684735656,
        "kinetic_energy": 0.12314832210540771,
        "analytic_error": 0.012301583774387836
      },
      "pict": {
        "divergence_rms": 0.0008582101436331868,
        "kinetic_energy": 0.12315521389245987,
        "analytic_error": 0.011855222284793854
      }
    },
    "10": {
      "exponax": {
        "divergence_rms": 7.75191219872795e-05,
        "kinetic_energy": 0.12130405008792877,
        "analytic_error": 0.02494540996849537
      },
      "phiflow": {
        "divergence_rms": 7.951561565278098e-05,
        "kinetic_energy": 0.11229358613491058,
        "analytic_error": 0.04763342812657356
      },
      "xlb": {
        "divergence_rms": 0.00959823653101921,
        "kinetic_energy": 0.1117839589715004,
        "analytic_error": 0.05091838911175728
      },
      "ins_jl": {
        "divergence_rms": 8.05953168310225e-05,
        "kinetic_energy": 0.11228340119123459,
        "analytic_error": 0.04749419912695885
      },
      "warp_ns": {
        "divergence_rms": 0.000897302117664367,
        "kinetic_energy": 0.12135066837072372,
        "analytic_error": 0.024422451853752136
      },
      "openfoam": {
        "divergence_rms": 0.006025186274200678,
        "kinetic_energy": 0.12130680680274963,
        "analytic_error": 0.024234969168901443
      },
      "pict": {
        "divergence_rms": 0.0008452301262877882,
        "kinetic_energy": 0.12133685499429703,
        "analytic_error": 0.02341781184077263
      }
    },
    "20": {
      "exponax": {
        "divergence_rms": 0.0002962142461910844,
        "kinetic_energy": 0.11771055310964584,
        "analytic_error": 0.048805247992277145
      },
      "phiflow": {
        "divergence_rms": 0.0003209789574611932,
        "kinetic_energy": 0.1090172827243805,
        "analytic_error": 0.06287399679422379
      },
      "xlb": {
        "divergence_rms": 0.003848401829600334,
        "kinetic_energy": 0.10811111330986023,
        "analytic_error": 0.06684479117393494
      },
      "ins_jl": {
        "divergence_rms": 0.0003078145382460207,
        "kinetic_energy": 0.10898300260305405,
        "analytic_error": 0.062457647174596786
      },
      "warp_ns": {
        "divergence_rms": 0.0008704817155376077,
        "kinetic_energy": 0.11781045794487,
        "analytic_error": 0.047816503793001175
      },
      "openfoam": {
        "divergence_rms": 0.01010345108807087,
        "kinetic_energy": 0.11766106635332108,
        "analytic_error": 0.047124795615673065
      },
      "pict": {
        "divergence_rms": 0.0008193901157937944,
        "kinetic_energy": 0.11777587234973907,
        "analytic_error": 0.04584399238228798
      }
    },
    "50": {
      "exponax": {
        "divergence_rms": 0.001650988357141614,
        "kinetic_energy": 0.10746517777442932,
        "analytic_error": 0.11408503353595734
      },
      "phiflow": {
        "divergence_rms": 0.0018299558432772756,
        "kinetic_energy": 0.09970195591449738,
        "analytic_error": 0.11479712277650833
      },
      "xlb": {
        "divergence_rms": 0.0031604133546352386,
        "kinetic_energy": 0.09853862971067429,
        "analytic_error": 0.11964423954486847
      },
      "ins_jl": {
        "divergence_rms": 0.001684572664089501,
        "kinetic_energy": 0.09953607618808746,
        "analytic_error": 0.11347278952598572
      },
      "warp_ns": {
        "divergence_rms": 0.0008113974472507834,
        "kinetic_energy": 0.10777250677347183,
        "analytic_error": 0.11229945719242096
      },
      "openfoam": {
        "divergence_rms": 0.014970947988331318,
        "kinetic_energy": 0.1071341335773468,
        "analytic_error": 0.10915409028530121
      },
      "pict": {
        "divergence_rms": 0.0007541531813330948,
        "kinetic_energy": 0.10763663798570633,
        "analytic_error": 0.1075257956981659
      }
    }
  },
  "sweep_key": "steps",
  "params": {
    "name": "vs_steps",
    "ic": {
      "name": "tgv3d",
      "seed": 0
    },
    "physics": {
      "nu": 0.05,
      "dt": 0.01,
      "N": 16,
      "lbm_N_base": 16
    },
    "sweep": {
      "key": "steps",
      "values": [
        5,
        10,
        20,
        50
      ]
    }
  },
  "tesseract_hashes": {
    "exponax": "b7bb6f8abd162875",
    "xlb": "81d9c57b12d682cf",
    "pict": "865abb1e001f278c",
    "openfoam": "275fcf99e9e6b08b",
    "warp_ns": "cd30649c97b7d97c",
    "phiflow": "52dd73797bb340f1",
    "ins_jl": "2f476febd9b6f13d"
  },
  "harness_hash": "77dfb5d467aac2e6",
  "harness_fn": "mosaic.benchmarks.suites.forward.run_physical_laws",
  "wall_time_s": {
    "exponax": 6.82912590901833,
    "phiflow": 27.824277402018197,
    "xlb": 3.9478100730339065,
    "ins_jl": 24.285238697077148,
    "warp_ns": 5.192467389977537,
    "openfoam": 3.2356865799520165,
    "pict": 2.503309538005851
  },
  "spread": {}
}