{
  "by_param": {
    "0.25": {
      "jax_fem": {
        "thermal_compliance": 0.6412187814712524
      },
      "fenics_heat": {
        "thermal_compliance": 0.6412187814712524
      },
      "dealii_heat": {
        "thermal_compliance": 0.6412187814712524
      },
      "firedrake_heat": {
        "thermal_compliance": 0.6412187814712524
      },
      "torch_fem_thermal": {
        "thermal_compliance": 0.6412187814712524
      }
    },
    "0.5": {
      "jax_fem": {
        "thermal_compliance": 2.5648751258850098
      },
      "fenics_heat": {
        "thermal_compliance": 2.5648751258850098
      },
      "dealii_heat": {
        "thermal_compliance": 2.5648751258850098
      },
      "firedrake_heat": {
        "thermal_compliance": 2.5648751258850098
      },
      "torch_fem_thermal": {
        "thermal_compliance": 2.5648751258850098
      }
    },
    "1.0": {
      "jax_fem": {
        "thermal_compliance": 10.259500503540039
      },
      "fenics_heat": {
        "thermal_compliance": 10.259500503540039
      },
      "dealii_heat": {
        "thermal_compliance": 10.259500503540039
      },
      "firedrake_heat": {
        "thermal_compliance": 10.259500503540039
      },
      "torch_fem_thermal": {
        "thermal_compliance": 10.259500503540039
      }
    },
    "2.0": {
      "jax_fem": {
        "thermal_compliance": 41.038002014160156
      },
      "fenics_heat": {
        "thermal_compliance": 41.038002014160156
      },
      "dealii_heat": {
        "thermal_compliance": 41.038002014160156
      },
      "firedrake_heat": {
        "thermal_compliance": 41.038002014160156
      },
      "torch_fem_thermal": {
        "thermal_compliance": 41.038002014160156
      }
    },
    "4.0": {
      "jax_fem": {
        "thermal_compliance": 164.15200805664062
      },
      "fenics_heat": {
        "thermal_compliance": 164.15200805664062
      },
      "dealii_heat": {
        "thermal_compliance": 164.15200805664062
      },
      "firedrake_heat": {
        "thermal_compliance": 164.15200805664062
      },
      "torch_fem_thermal": {
        "thermal_compliance": 164.15200805664062
      }
    }
  },
  "sweep_key": "Q_total",
  "params": {
    "ic": {
      "name": "uniform",
      "seed": 0
    },
    "physics": {
      "N": 16,
      "nz": 1,
      "Lx": 2.0,
      "Ly": 1.0,
      "Lz": 1.0,
      "rho_0": 0.5,
      "hot_spot": true
    },
    "sweep": {
      "key": "Q_total",
      "values": [
        0.25,
        0.5,
        1.0,
        2.0,
        4.0
      ]
    }
  },
  "tesseract_hashes": {
    "torch_fem_thermal": "2ee93574883182d1",
    "firedrake_heat": "2350b99b2e6d5089",
    "fenics_heat": "f6f97d9e6ad8769a",
    "jax_fem": "57428ff8b7480089",
    "dealii_heat": "62c9c98f773039c4"
  },
  "harness_hash": "77dfb5d467aac2e6",
  "harness_fn": "mosaic.benchmarks.suites.forward.run_physical_laws",
  "wall_time_s": {
    "jax_fem": 7.189460168941878,
    "fenics_heat": 13.896796109038405,
    "dealii_heat": 1.7724188449792564,
    "firedrake_heat": 9.89983722299803,
    "torch_fem_thermal": 3.5853947339346632
  },
  "spread": {}
}