{
  "by_solver": {
    "jax_fem": {
      "ic_scale": 0.24974720180034637,
      "eps_sweep": {
        "1.0": {
          "rel_error": [
            0.0006568952462231142,
            0.0319305340094379,
            0.00031680158580927307,
            0.00338244538953927,
            0.006362884209086416,
            0.006133902194697613
          ],
          "cosine": 0.9998992162720423
        },
        "0.1": {
          "rel_error": [
            1.572236813453316e-06,
            0.0003324246904186596,
            3.1990414888260743e-06,
            3.664135429536486e-05,
            8.216527778406914e-05,
            8.09462738587538e-05
          ],
          "cosine": 0.9999999893518517
        },
        "0.01": {
          "rel_error": [
            1.1988180832864124e-05,
            2.8935399521477936e-05,
            4.909565092835502e-05,
            1.0883213332490152e-05,
            0.00016274459736061856,
            9.561237295609073e-05
          ],
          "cosine": 0.9999999995157463
        },
        "0.001": {
          "rel_error": [
            9.295864774843543e-05,
            0.00012163314309878891,
            0.00036279858006498515,
            4.069979694536432e-05,
            0.0003410831330521196,
            5.124873173140861e-05
          ],
          "cosine": 0.9999999910500954
        },
        "0.0001": {
          "rel_error": [
            0.003240581697090807,
            0.0010474352059171592,
            0.006636661302488033,
            0.0004747771730276359,
            0.00766155756719995,
            0.012993007530873414
          ],
          "cosine": 0.9999959802051818
        }
      }
    },
    "fenics_heat": {
      "ic_scale": 0.24974720180034637,
      "eps_sweep": {
        "1.0": {
          "rel_error": [
            0.12978859497093545,
            0.022031937714325423,
            0.11187401701836258,
            0.04831269947967201,
            0.054819134470246195,
            0.0015398120728075547
          ],
          "cosine": 0.9996171431017973
        },
        "0.1": {
          "rel_error": [
            0.12976512502982504,
            0.020424984219752394,
            0.11183087589991983,
            0.0481713957463882,
            0.05509640336984244,
            0.0018679761363512102
          ],
          "cosine": 0.9996240801066446
        },
        "0.01": {
          "rel_error": [
            0.13007744586691955,
            0.020410577479688854,
            0.11207753263623797,
            0.04812746568752379,
            0.055180170759999106,
            0.0019853305816102088
          ],
          "cosine": 0.9996231951546884
        },
        "0.001": {
          "rel_error": [
            0.12259847851962055,
            0.020768741108747973,
            0.0931855987080453,
            0.04614433943884344,
            0.05564542251295664,
            0.0024368239084711983
          ],
          "cosine": 0.9996302944391195
        },
        "0.0001": {
          "rel_error": [
            0.19205944347866127,
            0.022555726894692544,
            0.08670833059707758,
            0.03043382705417443,
            0.06029735913136586,
            0.0020727893883983194
          ],
          "cosine": 0.9995586927976458
        }
      }
    },
    "firedrake_heat": {
      "ic_scale": 0.24974720180034637,
      "eps_sweep": {
        "1.0": {
          "rel_error": [
            0.12978859497093545,
            0.022031937714325423,
            0.11187401701836258,
            0.04831269947967201,
            0.054819134470246195,
            0.0015398120728075547
          ],
          "cosine": 0.9996171431017973
        },
        "0.1": {
          "rel_error": [
            0.12976512502982504,
            0.020424984219752394,
            0.11183087589991983,
            0.0481713957463882,
            0.05509640336984244,
            0.0018679761363512102
          ],
          "cosine": 0.9996240801066446
        },
        "0.01": {
          "rel_error": [
            0.13007744586691955,
            0.020410577479688854,
            0.11207753263623797,
            0.04812746568752379,
            0.055180170759999106,
            0.0019853305816102088
          ],
          "cosine": 0.9996231951546884
        },
        "0.001": {
          "rel_error": [
            0.12259847851962055,
            0.020768741108747973,
            0.0931855987080453,
            0.04614433943884344,
            0.05564542251295664,
            0.0024368239084711983
          ],
          "cosine": 0.9996302944391195
        },
        "0.0001": {
          "rel_error": [
            0.19205944347866127,
            0.022555726894692544,
            0.08670833059707758,
            0.03043382705417443,
            0.06029735913136586,
            0.0020727893883983194
          ],
          "cosine": 0.9995586927976458
        }
      }
    },
    "torch_fem_thermal": {
      "ic_scale": 0.24974720180034637,
      "eps_sweep": {
        "1.0": {
          "rel_error": [
            2.7390460400014208e-05,
            0.0016645378116927306,
            1.5504139876398393e-05,
            0.00017138299152508584,
            0.00032500216186668755,
            0.0003122984624889578
          ],
          "cosine": 0.9999997997625809
        },
        "0.1": {
          "rel_error": [
            1.8353875897255844e-05,
            1.4158989373358756e-05,
            4.705525197328476e-05,
            1.4422580453480545e-07,
            1.1927035805145926e-05,
            7.90589455592195e-07
          ],
          "cosine": 0.9999999999825686
        },
        "0.01": {
          "rel_error": [
            0.00037723986608159823,
            1.0505095016757454e-05,
            0.00023066930519977176,
            2.3220354530103674e-05,
            0.00013990958373886724,
            0.00013485207946650077
          ],
          "cosine": 0.9999999975618385
        },
        "0.001": {
          "rel_error": [
            0.0008255377159581887,
            0.00035525864089681935,
            0.006715348252233498,
            0.000207642034361296,
            0.0005493879543985865,
            0.0005871825470237333
          ],
          "cosine": 0.9999999407928921
        },
        "0.0001": {
          "rel_error": [
            0.012637786196118826,
            0.005110188642429666,
            0.027553452164107903,
            0.004804475929178009,
            0.014021487110043529,
            0.003919681295553554
          ],
          "cosine": 0.9999791440976483
        }
      }
    }
  },
  "params": {
    "ic": {
      "name": "gaussian_source"
    },
    "ic_key": "source",
    "output_key": "identification_error",
    "physics": {
      "nx": 8,
      "ny": 4,
      "nz": 1,
      "Lx": 2.0,
      "Ly": 1.0,
      "Lz": 1.0,
      "rho_0": 0.5,
      "target_from_two_gaussians": true,
      "ic_field": "source"
    },
    "fd": {
      "eps_values": [
        1.0,
        0.1,
        0.01,
        0.001,
        0.0001
      ],
      "n_dirs": 6
    }
  },
  "tesseract_hashes": {
    "jax_fem": "57428ff8b7480089",
    "torch_fem_thermal": "2ee93574883182d1",
    "fenics_heat": "f6f97d9e6ad8769a",
    "firedrake_heat": "2350b99b2e6d5089"
  },
  "harness_hash": "babdc3979ce25e13",
  "harness_fn": "mosaic.benchmarks.suites.gradient.run_fd_check",
  "wall_time_s": {
    "jax_fem": 41.50124029198196,
    "fenics_heat": 25.12674319499638,
    "firedrake_heat": 26.65314657590352,
    "torch_fem_thermal": 13.649106302065775
  }
}