{
  "by_param": {
    "0.0001": {
      "INS.jl": {
        "error": 0.0024074821267277002,
        "valid": true,
        "drag": 0.0
      },
      "OpenFOAM": {
        "error": 0.0064420136623084545,
        "valid": true,
        "drag": 0.0
      },
      "jax-cfd": {
        "error": 0.014518074691295624,
        "valid": true,
        "drag": 0.0
      },
      "PhiFlow": {
        "error": 0.002407433232292533,
        "valid": true,
        "drag": 0.0
      },
      "PICT": {
        "error": 0.0006557932938449085,
        "valid": true,
        "drag": 0.0
      },
      "Warp-NS": {
        "error": 0.0006197799229994416,
        "valid": true
      },
      "XLB": {
        "error": 0.2748474180698395,
        "valid": true,
        "drag": 0.0
      }
    },
    "0.0005": {
      "INS.jl": {
        "error": 0.0024068234488368034,
        "valid": true,
        "drag": 0.0
      },
      "OpenFOAM": {
        "error": 0.005979865789413452,
        "valid": true,
        "drag": 0.0
      },
      "jax-cfd": {
        "error": 0.014495986513793468,
        "valid": true,
        "drag": 0.0
      },
      "PhiFlow": {
        "error": 0.0024068334605544806,
        "valid": true,
        "drag": 0.0
      },
      "PICT": {
        "error": 0.0006484899204224348,
        "valid": true,
        "drag": 0.0
      },
      "Warp-NS": {
        "error": 0.000618847378063947,
        "valid": true
      },
      "XLB": {
        "error": 0.2742067575454712,
        "valid": true,
        "drag": 0.0
      }
    },
    "0.001": {
      "INS.jl": {
        "error": 0.0024060287978500128,
        "valid": true,
        "drag": 0.0
      },
      "OpenFOAM": {
        "error": 0.005467766895890236,
        "valid": true,
        "drag": 0.0
      },
      "jax-cfd": {
        "error": 0.014468559995293617,
        "valid": true,
        "drag": 0.0
      },
      "PhiFlow": {
        "error": 0.0024061219301074743,
        "valid": true,
        "drag": 0.0
      },
      "PICT": {
        "error": 0.0006398307159543037,
        "valid": true,
        "drag": 0.0
      },
      "Warp-NS": {
        "error": 0.0006177144823595881,
        "valid": true
      },
      "XLB": {
        "error": 0.2735689580440521,
        "valid": true,
        "drag": 0.0
      }
    },
    "0.005": {
      "INS.jl": {
        "error": 0.002399632940068841,
        "valid": true,
        "drag": 0.0
      },
      "OpenFOAM": {
        "error": 0.003040629206225276,
        "valid": true,
        "drag": 0.0
      },
      "jax-cfd": {
        "error": 0.014255952090024948,
        "valid": true,
        "drag": 0.0
      },
      "PhiFlow": {
        "error": 0.002402122598141432,
        "valid": true,
        "drag": 0.0
      },
      "PICT": {
        "error": 0.0005890580359846354,
        "valid": true,
        "drag": 0.0
      },
      "Warp-NS": {
        "error": 0.0006095845601521432,
        "valid": true
      },
      "XLB": {
        "error": 0.2722080945968628,
        "valid": true,
        "drag": 0.0
      }
    },
    "0.01": {
      "INS.jl": {
        "error": 0.0023916244972497225,
        "valid": true,
        "drag": 0.0
      },
      "OpenFOAM": {
        "error": 0.001873291446827352,
        "valid": true,
        "drag": 0.0
      },
      "jax-cfd": {
        "error": 0.014006274752318859,
        "valid": true,
        "drag": 0.0
      },
      "PhiFlow": {
        "error": 0.0024015859235078096,
        "valid": true,
        "drag": 0.0
      },
      "PICT": {
        "error": 0.0005860829842276871,
        "valid": true,
        "drag": 0.0
      },
      "Warp-NS": {
        "error": 0.0006017496925778687,
        "valid": true
      },
      "XLB": {
        "error": 0.2649555504322052,
        "valid": true,
        "drag": 0.0
      }
    },
    "0.05": {
      "INS.jl": {
        "error": 0.002327551366761327,
        "valid": true,
        "drag": 0.0
      },
      "OpenFOAM": {
        "error": 0.00047656730748713017,
        "valid": true,
        "drag": 0.0
      },
      "jax-cfd": {
        "error": 0.012860008515417576,
        "valid": true,
        "drag": 0.0
      },
      "PhiFlow": {
        "error": 0.0025773572269827127,
        "valid": true,
        "drag": 0.0
      },
      "PICT": {
        "error": 0.002810623962432146,
        "valid": true,
        "drag": 0.0
      },
      "Warp-NS": {
        "error": 0.0006526687648147345,
        "valid": true
      },
      "XLB": {
        "error": 0.2155553102493286,
        "valid": true,
        "drag": 0.0
      }
    }
  },
  "spread": {
    "0.0001": 0.10824324935674667,
    "0.0005": 0.10799002647399902,
    "0.001": 0.10773855447769165,
    "0.005": 0.10721889138221741,
    "0.01": 0.1043427586555481,
    "0.05": 0.08443994075059891
  },
  "sweep_key": "nu",
  "reference_label": "analytic",
  "params": {
    "ic": {
      "name": "tgv",
      "seed": 42
    },
    "physics": {
      "N": 64,
      "dt": 0.05,
      "steps": 20,
      "nu": 0.0001
    },
    "reference": {
      "solvers": [
        "jax_cfd"
      ],
      "dt": 0.01,
      "steps": 100
    },
    "sweep": {
      "key": "nu",
      "values": [
        0.0001,
        0.0005,
        0.001,
        0.005,
        0.01,
        0.05
      ]
    }
  },
  "tesseract_hashes": {
    "INS.jl": "239eff53fd8c26b6",
    "OpenFOAM": "ef19c93f82cf4d0d",
    "jax-cfd": "d96b542faaddd3bc",
    "PICT": "9b1e8d5ae4ba922a",
    "XLB": "48fb8aa8416ca6f5",
    "PhiFlow": "90446cdcf4373f59",
    "Warp-NS": "8d0f242f90ecbde8"
  },
  "harness_hash": "e00995ce5bd881e0",
  "harness_fn": "mosaic.benchmarks.problems.shared.forward.agreement",
  "wall_time_s": {
    "INS.jl": 11.946709156000026,
    "OpenFOAM": 3.7336824950000107,
    "jax-cfd": 2.5857877519999874,
    "PhiFlow": 8.318277693000027,
    "PICT": 3.2344263410000167,
    "Warp-NS": 2.9188398860000007,
    "XLB": 1.6633549319999474
  },
  "environment": {
    "python_version": "3.12.3",
    "platform": "Linux-6.17.0-1011-azure-x86_64-with-glibc2.39",
    "mosaic_version": "0.1.dev1+g40fbb5e66",
    "timestamp": "2026-05-28T21:25:37.479131+00:00"
  },
  "_run_meta": {
    "timestamp": "2026-05-28T21:25:37Z",
    "ci": true,
    "runner": "mosaic-bench-gpu-1000446929",
    "github_run_id": "26602626294",
    "github_sha": "40fbb5e6650cb0ae6428259aff2c2887ffa576dd",
    "platform": "Linux-6.17.0-1011-azure-x86_64-with-glibc2.39"
  }
}