{
  "by_param": {
    "8": {
      "exponax": {
        "error": 0.002544011687859893,
        "valid": true
      },
      "phiflow": {
        "error": 0.14681509137153625,
        "valid": true
      },
      "xlb": {
        "error": 0.27312642335891724,
        "valid": true
      },
      "ins_jl": {
        "error": 0.14681477844715118,
        "valid": true
      },
      "warp_ns": {
        "error": 0.0034062345512211323,
        "valid": true
      },
      "openfoam": {
        "error": 0.0029038949869573116,
        "valid": true
      },
      "pict": {
        "error": 0.0029038507491350174,
        "valid": true
      }
    },
    "16": {
      "exponax": {
        "error": 0.0025440079625695944,
        "valid": true
      },
      "phiflow": {
        "error": 0.03858182951807976,
        "valid": true
      },
      "xlb": {
        "error": 0.07410091906785965,
        "valid": true
      },
      "ins_jl": {
        "error": 0.03858112916350365,
        "valid": true
      },
      "warp_ns": {
        "error": 0.002610937226563692,
        "valid": true
      },
      "openfoam": {
        "error": 0.0025006902869790792,
        "valid": true
      },
      "pict": {
        "error": 0.0025006092619150877,
        "valid": true
      }
    },
    "32": {
      "exponax": {
        "error": 0.0025440827012062073,
        "valid": true
      },
      "phiflow": {
        "error": 0.010378758423030376,
        "valid": true
      },
      "xlb": {
        "error": 0.019093619659543037,
        "valid": true
      },
      "ins_jl": {
        "error": 0.010378108359873295,
        "valid": true
      },
      "warp_ns": {
        "error": 0.002544293412938714,
        "valid": true
      },
      "openfoam": {
        "error": 0.002507800003513694,
        "valid": true
      },
      "pict": {
        "error": 0.0025074766017496586,
        "valid": true
      }
    }
  },
  "spread": {
    "8": 0.09995068609714508,
    "16": 0.026108158752322197,
    "32": 0.005964470561593771
  },
  "sweep_key": "N",
  "reference_label": "analytic",
  "params": {
    "ic": {
      "name": "tgv3d",
      "seed": 0
    },
    "physics": {
      "N": 16,
      "nu": 0.05,
      "dt": 0.01,
      "steps": 1
    },
    "sweep": {
      "key": "N",
      "values": [
        8,
        16,
        32
      ]
    }
  },
  "tesseract_hashes": {
    "exponax": "79d751cf65d55998",
    "xlb": "81d9c57b12d682cf",
    "pict": "22f97a934601d8e2",
    "openfoam": "9c0d8de654862fda",
    "warp_ns": "1231605635780d11",
    "phiflow": "09823ad72fe29cc4",
    "ins_jl": "2f476febd9b6f13d"
  },
  "harness_hash": "a9e7977ebeef4a9d",
  "harness_fn": "mosaic.benchmarks.suites.forward.run_agreement",
  "wall_time_s": {
    "exponax": 9.225551279028878,
    "phiflow": 22.404967938084155,
    "xlb": 4.096314543974586,
    "ins_jl": 23.794839130947366,
    "warp_ns": 5.093234336003661,
    "openfoam": 2.8031306959455833,
    "pict": 1.2164544250117615
  }
}