{
  "by_param": {
    "16": {
      "jax_cfd": {
        "divergence_rms": 0.0022867145016789436,
        "kinetic_energy": 0.22125837206840515,
        "analytic_error": 0.040338948369026184
      },
      "phiflow": {
        "divergence_rms": 1.0714379072851443e-07,
        "kinetic_energy": 0.2223706990480423,
        "analytic_error": 0.0378236286342144
      },
      "ins_jl": {
        "divergence_rms": 5.1342109230745336e-08,
        "kinetic_energy": 0.2223750352859497,
        "analytic_error": 0.037814244627952576
      },
      "openfoam": {
        "divergence_rms": 0.018084511160850525,
        "kinetic_energy": 0.23987068235874176,
        "analytic_error": 0.014129186980426311
      },
      "pict": {
        "divergence_rms": 0.0013749550562351942,
        "kinetic_energy": 0.24025656282901764,
        "analytic_error": 0.0011438950896263123
      },
      "xlb": {
        "divergence_rms": 0.003967590630054474,
        "kinetic_energy": 0.2311222106218338,
        "analytic_error": 0.01941460371017456
      },
      "warp_ns": {
        "divergence_rms": 0.0019740231800824404,
        "kinetic_energy": 0.24022525548934937,
        "analytic_error": 0.001595260458998382
      }
    },
    "32": {
      "jax_cfd": {
        "divergence_rms": 0.0003749839961528778,
        "kinetic_energy": 0.23532459139823914,
        "analytic_error": 0.01022282987833023
      },
      "phiflow": {
        "divergence_rms": 1.2648020231154078e-07,
        "kinetic_energy": 0.2356298565864563,
        "analytic_error": 0.009553734213113785
      },
      "ins_jl": {
        "divergence_rms": 6.221837622888415e-08,
        "kinetic_energy": 0.23563435673713684,
        "analytic_error": 0.009543807245790958
      },
      "openfoam": {
        "divergence_rms": 0.004149219486862421,
        "kinetic_energy": 0.24011051654815674,
        "analytic_error": 0.003046654397621751
      },
      "pict": {
        "divergence_rms": 0.0003471954260021448,
        "kinetic_energy": 0.24021533131599426,
        "analytic_error": 0.0002693090063985437
      },
      "xlb": {
        "divergence_rms": 0.03651927411556244,
        "kinetic_energy": 0.23680183291435242,
        "analytic_error": 0.02778424322605133
      },
      "warp_ns": {
        "divergence_rms": 0.0004943068488501012,
        "kinetic_energy": 0.24020043015480042,
        "analytic_error": 0.0003687695134431124
      }
    },
    "64": {
      "jax_cfd": {
        "divergence_rms": 3.105651558144018e-05,
        "kinetic_energy": 0.23885317146778107,
        "analytic_error": 0.002833780599758029
      },
      "phiflow": {
        "divergence_rms": 2.039770237161065e-07,
        "kinetic_energy": 0.23904499411582947,
        "analytic_error": 0.0024015826638787985
      },
      "ins_jl": {
        "divergence_rms": 1.1459653848078233e-07,
        "kinetic_energy": 0.23904982209205627,
        "analytic_error": 0.002391624730080366
      },
      "openfoam": {
        "divergence_rms": 0.0004292054218240082,
        "kinetic_energy": 0.24019202589988708,
        "analytic_error": 0.0003109773970209062
      },
      "pict": {
        "divergence_rms": 9.407405013917014e-05,
        "kinetic_energy": 0.2402050793170929,
        "analytic_error": 6.12262956565246e-05
      },
      "xlb": {
        "divergence_rms": 0.04163702204823494,
        "kinetic_energy": 0.23913931846618652,
        "analytic_error": 0.030285632237792015
      },
      "warp_ns": {
        "divergence_rms": 0.00012368062743917108,
        "kinetic_energy": 0.24019452929496765,
        "analytic_error": 9.066981147043407e-05
      }
    },
    "128": {
      "jax_cfd": {
        "divergence_rms": 1.9300964595458936e-06,
        "kinetic_energy": 0.2397269606590271,
        "analytic_error": 0.0010600645327940583
      },
      "phiflow": {
        "divergence_rms": 4.423527002472838e-07,
        "kinetic_energy": 0.2399052381515503,
        "analytic_error": 0.0006082652253098786
      },
      "ins_jl": {
        "divergence_rms": 2.324651120488852e-07,
        "kinetic_energy": 0.2399100363254547,
        "analytic_error": 0.0005982660804875195
      },
      "openfoam": {
        "divergence_rms": 2.778195084829349e-05,
        "kinetic_energy": 0.24020735919475555,
        "analytic_error": 3.244381514377892e-05
      },
      "pict": {
        "divergence_rms": 0.00010090928844874725,
        "kinetic_energy": 0.24015945196151733,
        "analytic_error": 8.64855173858814e-05
      },
      "xlb": {
        "divergence_rms": 0.042063817381858826,
        "kinetic_energy": 0.239717498421669,
        "analytic_error": 0.030366530641913414
      },
      "warp_ns": {
        "divergence_rms": 3.09292518068105e-05,
        "kinetic_energy": 0.24019303917884827,
        "analytic_error": 2.4246573957498185e-05
      }
    }
  },
  "sweep_key": "N",
  "params": {
    "name": "vs_N",
    "ic": {
      "name": "tgv",
      "seed": 0
    },
    "physics": {
      "nu": 0.05,
      "dt": 0.01,
      "steps": 20
    },
    "sweep": {
      "key": "N",
      "values": [
        16,
        32,
        64,
        128
      ]
    }
  },
  "tesseract_hashes": {
    "phiflow": "52dd73797bb340f1",
    "xlb": "81d9c57b12d682cf",
    "pict": "865abb1e001f278c",
    "warp_ns": "cd30649c97b7d97c",
    "ins_jl": "2f476febd9b6f13d",
    "jax_cfd": "e18927a6656a489d",
    "openfoam": "275fcf99e9e6b08b"
  },
  "harness_hash": "77dfb5d467aac2e6",
  "harness_fn": "mosaic.benchmarks.suites.forward.run_physical_laws",
  "wall_time_s": {
    "jax_cfd": 7.656225985032506,
    "phiflow": 17.46068173495587,
    "ins_jl": 21.83024766400922,
    "openfoam": 4.091410922934301,
    "pict": 3.7478314040927216,
    "xlb": 2.857570133986883,
    "warp_ns": 5.032164853066206
  },
  "spread": {}
}